dose,Reff
0.0,2.600000000000003
0.2,2.2499858743490506
0.4,1.9014492832910057
0.6,1.5557792789795482
0.8,1.2167200976522041
1.0,0.8972520961199373
