dose,Reff
0.0,2.600000000000003
0.2,2.507242894354013
0.4,2.4145384560279632
0.6,2.3218931077253995
0.8,2.2293143518411807
1.0,2.136811005154263
