dose,Reff
0.0,2.600000000000003
0.2,2.2359999999999984
0.4,1.8720000000000032
0.6,1.5080000000000027
0.8,1.144000000000002
1.0,0.7800000000000009
