dose,Reff
0.0,2.600000000000003
0.2,2.502007763864184
0.4,2.40415727164729
0.6,2.3064643674556846
0.8,2.2089473079534447
1.0,2.111627232781508
