dose,Reff
0.0,2.300000000000001
0.2,2.219191872056059
0.4,2.138555693167623
0.6,2.0581127506010857
0.8,1.97788782861724
1.0,1.8979099142641096
