dose,Reff
0.0,2.300000000000001
0.2,1.9973356339821695
0.4,1.695093064663661
0.6,1.3935606808738021
0.8,1.093361665858776
1.0,0.7961157119565735
