dose,Reff
0.0,2.300000000000001
0.2,1.9780000000000024
0.4,1.6560000000000028
0.6,1.3340000000000012
0.8,1.0120000000000005
1.0,0.6900000000000004
