dose,Reff
0.0,2.300000000000001
0.2,2.226631577857167
0.4,2.153312594128702
0.6,2.080048870717066
0.8,2.006847164860188
1.0,1.933715361079925
