dose,Reff
0.0,2.1999999999999993
0.2,1.897926890587177
0.4,1.5961537274440485
0.6,1.294931358363087
0.8,0.994893141509667
1.0,0.6981907910543613
