dose,Reff
0.0,2.1999999999999993
0.2,2.1181376897127207
0.4,2.0363631570205736
0.6,1.9546877359364143
0.8,1.873124785361659
1.0,1.791690158943632
