dose,Reff
0.0,2.1999999999999993
0.2,2.1203964548060616
0.4,2.0408522646939633
0.6,1.9613751271623392
0.8,1.881974123819764
1.0,1.802660044355287
