dose,Reff
0.0,2.1999999999999993
0.2,1.8919999999999986
0.4,1.5839999999999996
0.6,1.276
0.8,0.9679999999999996
1.0,0.6599999999999991
