dose,Reff
0.0,2.3999999999999977
0.2,2.3091516110395918
0.4,2.2183988249945843
0.6,2.1277549978755994
0.8,2.0372361059278603
1.0,1.946861424016105
