dose,Reff
0.0,2.3999999999999977
0.2,2.07334601891616
0.4,1.747094827084675
0.6,1.4215696891809837
0.8,1.0975584121685757
1.0,0.7775633776553617
