dose,Reff
0.0,2.3999999999999977
0.2,2.31272958913685
0.4,2.2255217651390473
0.6,2.1383852089706963
0.8,2.0513302876430015
1.0,1.9643694847801687
