dose,Reff
0.0,3.4999999999999964
0.2,3.0099999999999976
0.4,2.5200000000000005
0.6,2.0299999999999967
0.8,1.5399999999999991
1.0,1.0500000000000005
