dose,Reff
0.0,3.4999999999999964
0.2,3.0262696286063426
0.4,2.5534108688219517
0.6,2.0821366696816415
0.8,1.6142014590886833
1.0,1.1552043383457715
