dose,Reff
0.0,3.4999999999999964
0.2,3.3752664039406715
0.4,3.250622923530143
0.6,3.126081497899919
0.8,3.0016562682185537
1.0,2.877364108386285
