dose,Reff
0.0,3.4999999999999964
0.2,3.369058345665838
0.4,3.238274461672582
0.6,3.1076691215855994
0.8,2.9772669095825157
1.0,2.847097135484401
