dose,Reff
0.0,1.8300000000000023
0.2,1.7658036647827606
0.4,1.7016604776459519
0.6,1.6375773924436592
0.8,1.5735626245028238
1.0,1.509625948142207
