dose,Reff
0.0,1.8300000000000023
0.2,1.573800000000003
0.4,1.3176000000000019
0.6,1.0614000000000023
0.8,0.8052000000000022
1.0,0.5490000000000007
