dose,Reff
0.0,1.8300000000000023
0.2,1.5818748264170963
0.4,1.3340909113014703
0.6,1.0869183776702709
0.8,0.8410074377902463
1.0,0.5983739259695302
