dose,Reff
0.0,1.8300000000000023
0.2,1.7627172725488385
0.4,1.6955210482143692
0.6,1.628422792965127
0.8,1.5614360785563886
1.0,1.494577084958453
