dose,Reff
0.0,2.5999999999999943
0.2,2.3152064055272783
0.4,2.0374258710333644
0.6,1.7698618279233018
0.8,1.5169750458474092
1.0,1.2840179651942376
