dose,Reff
0.0,2.5999999999999943
0.2,2.4878546777779507
0.4,2.3760869445810884
0.6,2.264756181837585
0.8,2.153933904864295
1.0,2.043706699215886
