dose,Reff
0.0,2.5999999999999943
0.2,2.513380796803415
0.4,2.4267300436518138
0.6,2.3400432510809526
0.8,2.253315024787801
1.0,2.1665388231874867
