dose,Reff
0.0,2.5999999999999943
0.2,2.2359999999999958
0.4,1.871999999999997
0.6,1.5079999999999987
0.8,1.1439999999999986
1.0,0.779999999999998
