dose,Reff
0.0,2.1999999999999975
0.2,2.1173353967620905
0.4,2.0347385078868423
0.6,1.9522182254160747
0.8,1.869785067732958
1.0,1.7874515689558041
