dose,Reff
0.0,2.1999999999999975
0.2,1.8919999999999977
0.4,1.5839999999999956
0.6,1.275999999999999
0.8,0.9679999999999995
1.0,0.659999999999999
