dose,Reff
0.0,2.1999999999999975
0.2,1.9020788237396438
0.4,1.6045544320188982
0.6,1.3077368443515154
0.8,1.012365015070111
1.0,0.7206934974020015
