dose,Reff
0.0,2.1999999999999975
0.2,2.121207175071309
0.4,2.042457379351444
0.6,1.9637562137565006
0.8,1.8851102937127275
1.0,1.8065274892908412
