dose,Reff
0.0,1.430000000000001
0.2,1.2309300961188514
0.4,1.0318708001643377
0.6,0.832830010285651
0.8,0.633826047616778
1.0,0.4349132816326942
