dose,Reff
0.0,1.430000000000001
0.2,1.229800000000001
0.4,1.0295999999999994
0.6,0.8293999999999997
0.8,0.6291999999999998
1.0,0.42899999999999994
