dose,Reff
0.0,1.430000000000001
0.2,1.3821574159867922
0.4,1.3343514836694523
0.6,1.2865866011084783
0.8,1.238867891631881
1.0,1.1912013578445177
