dose,Reff
0.0,1.430000000000001
0.2,1.381720670204753
0.4,1.3334818494488936
0.6,1.2852884292856217
0.8,1.237146112346415
1.0,1.189061585343362
