dose,Reff
0.0,1.7800000000000047
0.2,1.7147390511962723
0.4,1.6495306458229564
0.6,1.584381506716197
0.8,1.5192995418355024
1.0,1.4542941141503278
