dose,Reff
0.0,1.7800000000000047
0.2,1.530800000000001
0.4,1.2816000000000032
0.6,1.0324000000000038
0.8,0.7832000000000011
1.0,0.5340000000000024
