dose,Reff
0.0,1.7800000000000047
0.2,1.7171576650083265
0.4,1.654351054729625
0.6,1.5915846044503112
0.8,1.528863509885182
1.0,1.4661938960964613
