dose,Reff
0.0,1.7800000000000047
0.2,1.5370815674217588
0.4,1.2942813193664684
0.6,1.051686966213932
0.8,0.8095008470544113
1.0,0.5683143679405595
