dose,Reff
0.0,1.4000000000000046
0.2,1.3499487074548073
0.4,1.2999334420290642
0.6,1.249959011390484
0.8,1.200031115864099
1.0,1.1501565648520078
