dose,Reff
0.0,1.4000000000000046
0.2,1.2126595607492936
0.4,1.025571179467685
0.6,0.8389213540910668
0.8,0.6531366493710108
1.0,0.46943198409777265
