dose,Reff
0.0,1.4000000000000046
0.2,1.3466259229974638
0.4,1.2933126257519392
0.6,1.2400686423774059
0.8,1.1869041749937392
1.0,1.1338315196559194
