dose,Reff
0.0,1.4000000000000046
0.2,1.2040000000000013
0.4,1.0079999999999993
0.6,0.812000000000001
0.8,0.6159999999999999
1.0,0.42000000000000026
