dose,Reff
0.0,1.899999999999997
0.2,1.63940966363644
0.4,1.3788487355867671
0.6,1.1183380671478411
0.8,0.857924285017067
1.0,0.5977372575322372
