dose,Reff
0.0,1.899999999999997
0.2,1.6339999999999986
0.4,1.3679999999999979
0.6,1.1019999999999983
0.8,0.8359999999999976
1.0,0.5699999999999996
