dose,Reff
0.0,1.899999999999997
0.2,1.8338458060274898
0.4,1.7677510845807134
0.6,1.7017231582606214
0.8,1.635770583647469
1.0,1.5699034177775721
