dose,Reff
0.0,1.899999999999997
0.2,1.8359406960825866
0.4,1.771929620320536
0.6,1.707972494638415
0.8,1.6440759711314925
1.0,1.5802478261587805
