dose,Reff
0.0,1.5100000000000022
0.2,1.3025665731376124
0.4,1.0951701933106173
0.6,0.8878376396698471
0.8,0.6806296177819517
1.0,0.47371901514605164
