dose,Reff
0.0,1.5100000000000022
0.2,1.4580170179435648
0.4,1.4060941816743373
0.6,1.354238848696987
0.8,1.3024596025866906
1.0,1.250766513228613
