dose,Reff
0.0,1.5100000000000022
0.2,1.4595481113479325
0.4,1.4091444084074434
0.6,1.3587945892387574
0.8,1.308505271747526
1.0,1.2582841833912346
