dose,Reff
0.0,1.5100000000000022
0.2,1.2986000000000004
0.4,1.0871999999999993
0.6,0.8757999999999998
0.8,0.664399999999999
1.0,0.45299999999999996
