dose,Reff
0.0,3.14
0.2,3.0246434097564667
0.4,2.9093790763451928
0.6,2.7942186938950444
0.8,2.679175994716915
1.0,2.5642672071033887
