dose,Reff
0.0,3.14
0.2,2.7104772616135793
0.4,2.2811448563792687
0.6,1.8521445314782552
0.8,1.423804234073665
1.0,0.9970877807148164
