dose,Reff
0.0,3.14
0.2,3.028515412570658
0.4,2.9170924067933015
0.6,2.805738581027107
0.8,2.6944628264966326
1.0,2.5832756118325277
