dose,Reff
0.0,3.14
0.2,2.700400000000001
0.4,2.260800000000004
0.6,1.8212000000000013
0.8,1.3816000000000022
1.0,0.9420000000000012
