dose,Reff
0.0,2.2000000000000015
0.2,1.8920000000000017
0.4,1.5840000000000023
0.6,1.2759999999999982
0.8,0.9680000000000013
1.0,0.6599999999999997
