dose,Reff
0.0,2.2000000000000015
0.2,1.8967126187161059
0.4,1.593491223190358
0.6,1.290384764695012
0.8,0.9875063457557247
1.0,0.6851885771878579
