dose,Reff
0.0,2.2000000000000015
0.2,2.122388556206327
0.4,2.0448501107473245
0.6,1.9673941248888211
0.8,1.8900317537706615
1.0,1.812776239110556
