dose,Reff
0.0,2.2000000000000015
0.2,2.1242036487034643
0.4,2.0484676452376713
0.6,1.972799646853074
0.8,1.8972086538875883
1.0,1.8217053151110065
