dose,Reff
0.0,2.100000000000002
0.2,1.8059999999999983
0.4,1.5119999999999962
0.6,1.2180000000000004
0.8,0.9240000000000006
1.0,0.6299999999999999
