dose,Reff
0.0,2.100000000000002
0.2,2.0237226788678986
0.4,1.9474804669266315
0.6,1.8712779797708754
0.8,1.7951206783441855
1.0,1.719015071534423
