dose,Reff
0.0,2.100000000000002
0.2,1.8113288025884908
0.4,1.522722508282282
0.6,1.2342286527537283
0.8,0.9459560176102426
1.0,0.6582192681088389
