dose,Reff
0.0,2.100000000000002
0.2,2.021672053314789
0.4,1.9433901201114998
0.6,1.865160396323621
0.8,1.7869902399254158
1.0,1.7088884560356852
