dose,Reff
0.0,2.200000000000001
0.2,2.1232100516374706
0.4,2.0464749527134054
0.6,1.9698011004925975
0.8,1.893195913923663
1.0,1.8166680430023856
