dose,Reff
0.0,2.200000000000001
0.2,1.9119536809052766
0.4,1.6254557607300222
0.6,1.3417612841277502
0.8,1.0638354491379256
1.0,0.799936391168955
