dose,Reff
0.0,2.200000000000001
0.2,1.8920000000000012
0.4,1.5840000000000016
0.6,1.2760000000000002
0.8,0.9680000000000011
1.0,0.6600000000000011
