dose,Reff
0.0,2.200000000000001
0.2,2.11566941094469
0.4,2.031524789013493
0.6,1.9475887898886621
0.8,1.8638877364845912
1.0,1.7804523512455086
