dose,Reff
0.0,1.5000000000000009
0.2,1.444251700252473
0.4,1.388633051885676
0.6,1.3331617199235173
0.8,1.277858670683366
1.0,1.2227489597060228
