dose,Reff
0.0,1.5000000000000009
0.2,1.4480894114076468
0.4,1.3962441433894834
0.6,1.3444729546969096
0.8,1.2927862173899443
1.0,1.2411962981409457
