dose,Reff
0.0,1.5000000000000009
0.2,1.2900000000000023
0.4,1.08
0.6,0.8700000000000004
0.8,0.6600000000000007
1.0,0.45000000000000046
