dose,Reff
0.0,1.5000000000000009
0.2,1.3000936957177234
0.4,1.1008343693954163
0.6,0.9027467599412891
0.8,0.707096773102902
1.0,0.517685133329175
