dose,Reff
0.0,2.2000000000000006
0.2,1.8986984082680454
0.4,1.5974544335030316
0.6,1.2963093589856398
0.8,0.9953561568433646
1.0,0.6948566341251822
