dose,Reff
0.0,2.2000000000000006
0.2,2.1245451167044003
0.4,2.049139997861725
0.6,1.973790524852129
0.8,1.8985035323665893
1.0,1.8232870070137006
