dose,Reff
0.0,2.2000000000000006
0.2,1.8919999999999995
0.4,1.5840000000000019
0.6,1.2759999999999998
0.8,0.9680000000000006
1.0,0.6600000000000008
