dose,Reff
0.0,2.2000000000000006
0.2,2.127140965786377
0.4,2.054317021382356
0.6,1.981532140132644
0.8,1.9087909138724801
1.0,1.8360986770406962
