dose,Reff
0.0,2.1999999999999984
0.2,1.8964980143392003
0.4,1.5930621261575206
0.6,1.289741665672551
0.8,0.9866511309652432
1.0,0.684129896664138
