dose,Reff
0.0,2.1999999999999984
0.2,1.8920000000000021
0.4,1.5840000000000014
0.6,1.276000000000005
0.8,0.9680000000000017
1.0,0.6600000000000007
