dose,Reff
0.0,2.1999999999999984
0.2,2.122226611102473
0.4,2.04453009392228
0.6,1.9669206191351165
0.8,1.8894102155744381
1.0,1.8120132094390646
