dose,Reff
0.0,2.1999999999999984
0.2,2.1239661046856204
0.4,2.047999344810589
0.6,1.97210842174155
0.8,1.8963035934012504
1.0,1.8205970343383762
