dose,Reff
0.0,1.2100000000000022
0.2,1.040600000000002
0.4,0.8712000000000009
0.6,0.7018000000000024
0.8,0.5324000000000003
1.0,0.36300000000000054
