dose,Reff
0.0,1.2100000000000022
0.2,1.167184423277336
0.4,1.1244097459448563
0.6,1.0816810166562216
0.8,1.0390041367535976
1.0,0.9963860447728246
