dose,Reff
0.0,1.2100000000000022
0.2,1.1684896925967785
0.4,1.1270103678970307
0.6,1.0855657374252488
0.8,1.0441601225743316
1.0,1.0027985834200117
