dose,Reff
0.0,1.2100000000000022
0.2,1.043989976112735
0.4,0.8780108149714028
0.6,0.7120847548297489
0.8,0.5462620883221301
1.0,0.38068546589425833
