dose,Reff
0.0,2.299999999999999
0.2,1.9874588454986566
0.4,1.6751760978831933
0.6,1.3633473830896443
0.8,1.0524296585851152
1.0,0.7437807708834655
