dose,Reff
0.0,2.299999999999999
0.2,2.219310513034471
0.4,2.1386868249446067
0.6,2.0581375422869526
0.8,1.9776728321941746
1.0,1.897304790211152
