dose,Reff
0.0,2.299999999999999
0.2,1.9780000000000046
0.4,1.6560000000000006
0.6,1.3340000000000032
0.8,1.0120000000000056
1.0,0.6900000000000015
