dose,Reff
0.0,2.299999999999999
0.2,2.215680986032894
0.4,2.1314634856390633
0.6,2.047361140434452
0.8,1.9633901283516308
1.0,1.8795697751664746
