dose,Reff
0.0,2.1000000000000005
0.2,2.0268438629180245
0.4,1.9537326958407428
0.6,1.8806720902398872
0.8,1.8076686002700892
1.0,1.7347299581572615
