dose,Reff
0.0,2.1000000000000005
0.2,2.0214010447837323
0.4,1.9428951988938425
0.6,1.8644946011211685
0.8,1.7862135703423796
1.0,1.7080691113076756
