dose,Reff
0.0,2.1000000000000005
0.2,1.8202145768965368
0.4,1.5409242506046257
0.6,1.262496933425965
0.8,0.9857739393589937
1.0,0.7131356484411329
