dose,Reff
0.0,2.1000000000000005
0.2,1.8060000000000016
0.4,1.512000000000001
0.6,1.2180000000000004
0.8,0.9240000000000009
1.0,0.6300000000000022
