dose,Reff
0.0,3.9000000000000052
0.2,3.354
0.4,2.808000000000003
0.6,2.2620000000000053
0.8,1.7160000000000046
1.0,1.1700000000000044
