dose,Reff
0.0,3.9000000000000052
0.2,3.3705197666696676
0.4,2.841604059925689
0.6,2.3136900006929104
0.8,1.7878146121179503
1.0,1.2671309393400794
