dose,Reff
0.0,3.9000000000000052
0.2,3.7636596184666047
0.4,3.627442850267673
0.6,3.491365667174127
0.8,3.355446888438967
1.0,3.2197088371244487
