dose,Reff
0.0,3.9000000000000052
0.2,3.7573506200517164
0.4,3.614904422291688
0.6,3.4726883303446625
0.8,3.330734167692533
1.0,3.189079803382026
