dose,Reff
0.0,1.5960291620000007
0.2,1.5391159249693196
0.4,1.482242306461246
0.6,1.4254132077537784
0.8,1.3686343638679948
1.0,1.3119125263782285
