dose,Reff
0.0,1.5960291620000007
0.2,1.376416752374627
0.4,1.156838929034972
0.6,0.9373208100391617
0.8,0.717919542705171
1.0,0.49879893591853175
