dose,Reff
0.0,1.5960291620000007
0.2,1.372585079319999
0.4,1.149140996639999
0.6,0.92569691396
0.8,0.7022528312800003
1.0,0.4788087485999998
