dose,Reff
0.0,1.5960291620000007
0.2,1.540594530572916
0.4,1.4851914457436934
0.6,1.429823705174878
0.8,1.374495735869817
1.0,1.3192127288115139
