dose,Reff
0.0,2.9099999999999993
0.2,2.814259995790861
0.4,2.7185924086174005
0.6,2.6230055580911387
0.8,2.5275090714384314
1.0,2.4321141468632805
