dose,Reff
0.0,2.9099999999999993
0.2,2.510415709156014
0.4,2.1109326268716098
0.6,1.711624807217882
0.8,1.3126615457148356
1.0,0.9145314592182465
