dose,Reff
0.0,2.9099999999999993
0.2,2.811246736449411
0.4,2.7125936557515153
0.6,2.6140525655943962
0.8,2.515637169946173
1.0,2.4173634572973404
