dose,Reff
0.0,2.9099999999999993
0.2,2.5026000000000024
0.4,2.0952000000000037
0.6,1.6878000000000009
0.8,1.280400000000001
1.0,0.8730000000000004
