dose,Reff
0.0,2.499999999999999
0.2,2.411402044343717
0.4,2.322847071408507
0.6,2.234340250255051
0.8,2.145887606677425
1.0,2.0574962067875435
