dose,Reff
0.0,2.499999999999999
0.2,2.1499999999999995
0.4,1.799999999999999
0.6,1.4500000000000013
0.8,1.1000000000000003
1.0,0.7499999999999992
