dose,Reff
0.0,2.499999999999999
0.2,2.412725018135872
0.4,2.325483530279882
0.6,2.2382795207337844
0.8,2.1511176279488544
1.0,2.0640032836200337
