dose,Reff
0.0,2.499999999999999
0.2,2.1534398824795176
0.4,1.8069061000908744
0.6,1.4604179172779572
0.8,1.1140194239475938
1.0,0.7678384126201429
