dose,Reff
0.0,1.7000000000000024
0.2,1.6433194812188945
0.4,1.5867242874920102
0.6,1.5302248723435479
0.8,1.4738334222819478
1.0,1.41756421911966
