dose,Reff
0.0,1.7000000000000024
0.2,1.4660758157411162
0.4,1.232199659718275
0.6,0.9984066394648223
0.8,0.7647769825672273
1.0,0.5315422206003217
