dose,Reff
0.0,1.7000000000000024
0.2,1.64488906428179
0.4,1.589845423988812
0.6,1.53487710256332
0.8,1.479993422446026
1.0,1.4252052716462098
