dose,Reff
0.0,1.7000000000000024
0.2,1.4619999999999993
0.4,1.2240000000000006
0.6,0.9860000000000015
0.8,0.7480000000000004
1.0,0.5099999999999998
