dose,Reff
0.0,1.3999999999999995
0.2,1.3531676065797238
0.4,1.3063833576919577
0.6,1.2596530531513372
0.8,1.212983449461096
1.0,1.1663824621394068
