dose,Reff
0.0,1.3999999999999995
0.2,1.351871235156986
0.4,1.3038090749932802
0.6,1.2558216024653777
0.8,1.2079182363518535
1.0,1.1601100124307555
