dose,Reff
0.0,1.3999999999999995
0.2,1.204000000000001
0.4,1.0079999999999998
0.6,0.8120000000000007
0.8,0.616
1.0,0.41999999999999965
