dose,Reff
0.0,1.3999999999999995
0.2,1.2073727315496603
0.4,1.0148130914860265
0.6,0.8223721867678602
0.8,0.6301696487916326
1.0,0.43856462066135504
