dose,Reff
0.0,2.2000000000000006
0.2,2.1177861599079364
0.4,2.0356799440549063
0.6,1.9536937373770755
0.8,1.8718418901210687
1.0,1.7901411243861975
