dose,Reff
0.0,2.2000000000000006
0.2,1.904877431451038
0.4,1.6106674026540373
0.6,1.3181386836915108
0.8,1.0292044706536416
1.0,0.7499100608736244
