dose,Reff
0.0,2.2000000000000006
0.2,1.892000000000003
0.4,1.584000000000001
0.6,1.2759999999999994
0.8,0.9679999999999986
1.0,0.6600000000000006
