dose,Reff
0.0,2.2000000000000006
0.2,2.1226795633162094
0.4,2.0453851893124972
0.6,1.9681202331151093
0.8,1.8908886537712077
1.0,1.8136951570095818
