dose,Reff
0.0,1.520000000000001
0.2,1.3123702144399227
0.4,1.1050125307477527
0.6,0.8981533022970561
0.8,0.6923599016722013
1.0,0.4895222187682683
