dose,Reff
0.0,1.520000000000001
0.2,1.3071999999999997
0.4,1.094400000000001
0.6,0.881600000000001
0.8,0.6688000000000007
1.0,0.45600000000000007
