dose,Reff
0.0,1.520000000000001
0.2,1.4626919284342215
0.4,1.4054407586728832
0.6,1.3482541555153618
0.8,1.2911412289669966
1.0,1.2341128928863603
