dose,Reff
0.0,1.520000000000001
0.2,1.4646654270134762
0.4,1.409369778992898
0.6,1.354118328193387
0.8,1.298917343916977
1.0,1.2437743397906222
