dose,Reff
0.0,2.6000000000000014
0.2,2.2971270489150104
0.4,2.000879184594015
0.6,1.7151534152829382
0.8,1.4462391302839015
1.0,1.202731234300269
