dose,Reff
0.0,2.6000000000000014
0.2,2.236000000000006
0.4,1.8720000000000028
0.6,1.508000000000001
0.8,1.144000000000001
1.0,0.78
