dose,Reff
0.0,2.6000000000000014
0.2,2.418000000000002
0.4,2.236000000000007
0.6,2.0540000000000025
0.8,1.872000000000002
1.0,1.6900000000000048
