dose,Reff
0.0,2.6000000000000014
0.2,2.447908299073001
0.4,2.2971270489150113
0.6,2.1479780297889874
0.8,2.000879184594014
1.0,1.856372440266906
