dose,Reff
0.0,1.8999999999999977
0.2,1.6442401945586789
0.4,1.3887801831563922
0.6,1.133843996416792
0.8,0.8799484613973871
1.0,0.6285899179768324
