dose,Reff
0.0,1.8999999999999977
0.2,1.833517201468009
0.4,1.7670801838189967
0.6,1.7006948182561965
0.8,1.6343680206445748
1.0,1.5681079934934945
