dose,Reff
0.0,1.8999999999999977
0.2,1.8295924036272349
0.4,1.7592642551631639
0.6,1.6890261216663334
0.8,1.6188905155739675
1.0,1.5488723597391245
