dose,Reff
0.0,2.260000000000008
0.2,1.9524079891405033
0.4,1.6452478257442293
0.6,1.3388744057945345
0.8,1.03416823231374
1.0,0.7340069271294634
