dose,Reff
0.0,2.260000000000008
0.2,1.9436000000000082
0.4,1.6272000000000033
0.6,1.310800000000002
0.8,0.9944000000000026
1.0,0.6780000000000018
