dose,Reff
0.0,2.260000000000008
0.2,2.1769137998797223
0.4,2.093880736874044
0.6,2.0109079380345327
0.8,1.9280038623127864
1.0,1.8451786263613619
