dose,Reff
0.0,2.260000000000008
0.2,2.173544392272883
0.4,2.087168385633773
0.6,2.000882723468421
0.8,1.914700172971307
1.0,1.8286360253849554
