dose,Reff
0.0,3.8
0.2,3.2753641911502385
0.4,2.750814293863077
0.6,2.2264137214428636
0.8,1.7023084962175181
1.0,1.178925855858247
