dose,Reff
0.0,3.8
0.2,3.268000000000006
0.4,2.736
0.6,2.2040000000000006
0.8,1.6719999999999988
1.0,1.1400000000000021
