dose,Reff
0.0,3.8
0.2,3.666862514743135
0.4,3.5338370563649906
0.6,3.400937936421896
0.8,3.26818198577221
1.0,3.1355891271946676
