dose,Reff
0.0,3.8
0.2,3.6697126579637174
0.4,3.539519308447865
0.6,3.4094317209583003
0.8,3.279463696650179
1.0,3.14963152147057
