dose,Reff
0.0,1.8900000000000001
0.2,1.632168345677154
0.4,1.3745319359556203
0.6,1.11724049212203
0.8,0.8606473840446187
1.0,0.605822509925705
