dose,Reff
0.0,1.8900000000000001
0.2,1.8230307970377586
0.4,1.756095207953178
0.6,1.6891974191889876
0.8,1.6223423396268715
1.0,1.555535762770249
