dose,Reff
0.0,1.8900000000000001
0.2,1.6254000000000006
0.4,1.360799999999999
0.6,1.0962000000000007
0.8,0.8316000000000007
1.0,0.5669999999999996
