dose,Reff
0.0,1.8900000000000001
0.2,1.8204251284667217
0.4,1.7509004660726035
0.6,1.681432364798529
0.8,1.6120282879132124
1.0,1.542697062366511
