dose,Reff
0.0,1.3930070260000007
0.2,1.2024411879951498
0.4,1.0119347148256241
0.6,0.8215308563627026
0.8,0.6313281374285977
1.0,0.44160904835688036
