dose,Reff
0.0,1.3930070260000007
0.2,1.1979860423600008
0.4,1.0029650587200007
0.6,0.8079440750799998
0.8,0.6129230914400015
1.0,0.4179021078000002
