dose,Reff
0.0,1.3930070260000007
0.2,1.345044500247552
0.4,1.2971264525968682
0.6,1.2492583478189667
0.8,1.2014465703573471
1.0,1.1536986228384327
