dose,Reff
0.0,1.3930070260000007
0.2,1.343331175466744
0.4,1.293715602684872
0.6,1.2441679823346714
0.8,1.19469732311901
1.0,1.1453142638283493
