dose,Reff
0.0,2.3000000000000034
0.2,2.218219972705977
0.4,2.1365342999356627
0.6,2.054955108616389
0.8,1.9734966635604358
1.0,1.8921758513792903
