dose,Reff
0.0,2.3000000000000034
0.2,2.2205949637220543
0.4,2.141258035510878
0.6,2.0619978326049284
0.8,1.9828244726432176
1.0,1.903749910486536
