dose,Reff
0.0,2.3000000000000034
0.2,1.9841752742690668
0.4,1.6684521256059508
0.6,1.3529062037979447
0.8,1.037712689420673
1.0,0.723388053975613
