dose,Reff
0.0,2.999999999999998
0.2,2.580000000000002
0.4,2.1600000000000033
0.6,1.7400000000000029
0.8,1.3200000000000007
1.0,0.9000000000000002
