dose,Reff
0.0,2.999999999999998
0.2,2.8919023350763675
0.4,2.7838752793431896
0.6,2.675928253929963
0.8,2.5680724333091556
1.0,2.460321172759357
