dose,Reff
0.0,2.999999999999998
0.2,2.5955410089088455
0.4,2.1916785168061206
0.6,1.7888750735844712
0.8,1.388225704801665
1.0,0.9930263404091133
