dose,Reff
0.0,2.999999999999998
0.2,2.8859490747876437
0.4,2.7720161003225994
0.6,2.658217114753788
0.8,2.5445711988655852
1.0,2.4311012331756507
