dose,Reff
0.0,1.9000000000000026
0.2,1.8376276334055586
0.4,1.7753252644555295
0.6,1.7131014421979784
0.8,1.6509661405861125
1.0,1.5889310613125402
