dose,Reff
0.0,1.9000000000000026
0.2,1.8357872223754714
0.4,1.7716630597954337
0.6,1.7076386219611375
0.8,1.6437269160403325
1.0,1.5799432587618885
