dose,Reff
0.0,1.9000000000000026
0.2,1.6387648730564615
0.4,1.3776081894430867
0.6,1.1165883087914494
0.8,0.8558402790504243
1.0,0.5957618466500488
