dose,Reff
0.0,1.9000000000000026
0.2,1.6340000000000015
0.4,1.3680000000000014
0.6,1.102000000000002
0.8,0.8360000000000002
1.0,0.5700000000000011
