dose,Reff
0.0,2.4999999999999964
0.2,2.1573129070481114
0.4,1.81476235125995
0.6,1.4724501633863776
0.8,1.1306122630468245
1.0,0.789944002824956
