dose,Reff
0.0,2.4999999999999964
0.2,2.1499999999999977
0.4,1.7999999999999992
0.6,1.4500000000000013
0.8,1.0999999999999992
1.0,0.7499999999999989
