dose,Reff
0.0,2.4999999999999964
0.2,2.413911719839182
0.4,2.327895317410354
0.6,2.2419594711275233
0.8,2.1561143004049845
1.0,2.070371674089373
