dose,Reff
0.0,2.4999999999999964
0.2,2.4167371282399146
0.4,2.33352426534397
0.6,2.2503673324511886
0.8,2.1672732168231295
1.0,2.0842499755485777
