dose,Reff
0.0,2.3000000000000016
0.2,2.142145401305502
0.4,1.984333361243753
0.6,1.8265759180574739
0.8,1.6688901041903361
1.0,1.5113008223722788
