dose,Reff
0.0,2.3000000000000016
0.2,1.9843333612437535
0.4,1.6688901041903368
0.6,1.353845954441077
0.8,1.0396237467745861
1.0,0.7275460047112581
