dose,Reff
0.0,2.3000000000000016
0.2,2.1389999999999993
0.4,1.978000000000003
0.6,1.8170000000000017
0.8,1.6560000000000012
1.0,1.495000000000004
