dose,Reff
0.0,2.3000000000000016
0.2,1.978000000000004
0.4,1.6560000000000015
0.6,1.334000000000003
0.8,1.0119999999999998
1.0,0.6900000000000006
