dose,Reff
0.0,2.5999999999999988
0.2,2.235999999999999
0.4,1.8720000000000003
0.6,1.5079999999999973
0.8,1.1439999999999997
1.0,0.7799999999999998
