dose,Reff
0.0,2.5999999999999988
0.2,2.3226754317297273
0.4,2.0523058502176648
0.6,1.7917478788700925
0.8,1.5447871648807614
1.0,1.3156931598287818
