dose,Reff
0.0,2.5999999999999988
0.2,2.478387609837972
0.4,2.357200280134312
0.6,2.2365094647713892
0.8,2.1164021292339537
1.0,1.9969846698224212
