dose,Reff
0.0,2.5999999999999988
0.2,2.5113872456569917
0.4,2.4228957980536583
0.6,2.3345399027622795
0.8,2.2463360469541485
1.0,2.1583033989976865
