dose,Reff
0.0,1.7999999999999972
0.2,1.737912612101308
0.4,1.6758752725820678
0.6,1.6138940401201667
0.8,1.5519759781177138
1.0,1.4901293684911063
