dose,Reff
0.0,1.7999999999999972
0.2,1.5535318293616567
0.4,1.3070928255079495
0.6,1.0607035746255808
0.8,0.8144099576381909
1.0,0.5683390475788053
