dose,Reff
0.0,1.7999999999999972
0.2,1.547999999999998
0.4,1.296000000000001
0.6,1.0439999999999996
0.8,0.7919999999999996
1.0,0.5400000000000003
