dose,Reff
0.0,1.7999999999999972
0.2,1.7400546087862554
0.4,1.6801496034326455
0.6,1.6202896531070838
0.8,1.5604801669890127
1.0,1.5007274449373347
