dose,Reff
0.0,2.200000000000005
0.2,2.1254474080389527
0.4,2.0509490512768282
0.6,1.976511473522185
0.8,1.9021423038203589
1.0,1.827850488299228
