dose,Reff
0.0,2.200000000000005
0.2,1.892000000000002
0.4,1.5840000000000019
0.6,1.2759999999999994
0.8,0.9680000000000014
1.0,0.6600000000000005
