dose,Reff
0.0,2.200000000000005
0.2,1.8992073510368814
0.4,1.5985315079841276
0.6,1.2980584935995447
0.8,0.9979857309758406
1.0,0.6988858277435915
