dose,Reff
0.0,2.200000000000005
0.2,2.122668432060449
0.4,2.0454183083012247
0.6,1.9682597408398996
0.8,1.8912045594061624
1.0,1.814266684953987
