dose,Reff
0.0,1.3399999999999994
0.2,1.294432838356154
0.4,1.248903175375443
0.6,1.203415475764934
0.8,1.157974932472251
1.0,1.1125876191102342
