dose,Reff
0.0,1.3399999999999994
0.2,1.1524000000000019
0.4,0.964800000000001
0.6,0.777200000000001
0.8,0.5896000000000001
1.0,0.4020000000000006
