dose,Reff
0.0,1.3399999999999994
0.2,1.2956817492813122
0.4,1.2513912167054893
0.6,1.2071316302728463
0.8,1.1629067343459507
1.0,1.1187208959940547
