dose,Reff
0.0,1.3399999999999994
0.2,1.1556322881942889
0.4,0.9713117092449953
0.6,0.7870731156806166
0.8,0.6029968139141404
1.0,0.41931772128412736
