dose,Reff
0.0,2.4000000000000026
0.2,2.0639999999999987
0.4,1.7279999999999975
0.6,1.3919999999999972
0.8,1.055999999999997
1.0,0.7200000000000004
