dose,Reff
0.0,2.4000000000000026
0.2,2.3171210364068884
0.4,2.2343389815873196
0.6,2.1516667935601346
0.8,2.0691198176749324
1.0,1.9867163532378995
