dose,Reff
0.0,2.4000000000000026
0.2,2.3140444905057422
0.4,2.2282228127174415
0.6,2.142553339842969
0.8,2.057057916694015
1.0,1.9717627027153637
