dose,Reff
0.0,2.4000000000000026
0.2,2.0720248958152423
0.4,1.7442769030174852
0.6,1.4169307665909772
0.8,1.090400239852221
1.0,0.7659464676138249
