dose,Reff
0.0,2.399999999999997
0.2,2.0639999999999996
0.4,1.7280000000000004
0.6,1.3919999999999983
0.8,1.0559999999999994
1.0,0.7199999999999993
