dose,Reff
0.0,2.399999999999997
0.2,2.316606844203077
0.4,2.2332611351480485
0.6,2.149968503354734
0.8,2.066735497375062
1.0,1.9835697765899039
