dose,Reff
0.0,2.399999999999997
0.2,2.318146409334785
0.4,2.236332908940494
0.6,2.1545641525811936
0.8,2.0728455367421526
1.0,1.9911833534517116
