dose,Reff
0.0,2.399999999999997
0.2,2.0679830880759478
0.4,1.7359914041009745
0.6,1.4040432484392569
0.8,1.072180244444875
1.0,0.7405217568203205
