dose,Reff
0.0,2.4999999999999982
0.2,2.1599401686411634
0.4,1.8202344887601485
0.6,1.4811591783209566
0.8,1.1433732888168255
1.0,0.8089008273856463
