dose,Reff
0.0,2.4999999999999982
0.2,2.1499999999999972
0.4,1.7999999999999994
0.6,1.4500000000000004
0.8,1.0999999999999988
1.0,0.7499999999999997
