dose,Reff
0.0,2.4999999999999982
0.2,2.41009647744283
0.4,2.320242378590358
0.6,2.230444165787425
0.8,2.140709478292042
1.0,2.0510474126854774
