dose,Reff
0.0,2.4999999999999982
0.2,2.406281477361289
0.4,2.3126343517744226
0.6,2.2190680819134805
0.8,2.125593873837948
1.0,2.032225104112781
