dose,Reff
0.0,2.000000000000001
0.2,1.930154792478171
0.4,1.8603629778951476
0.6,1.790631542644121
0.8,1.720968743697969
1.0,1.6513844098764277
