dose,Reff
0.0,2.000000000000001
0.2,1.9253111101045823
0.4,1.850731502874973
0.6,1.7762755436564872
0.8,1.7019602168103192
1.0,1.6278057476959722
