dose,Reff
0.0,2.000000000000001
0.2,1.7326914328700593
0.4,1.4660141918089662
0.6,1.2004627667265868
0.8,0.9372077207211651
1.0,0.6797174574724593
