dose,Reff
0.0,2.000000000000001
0.2,1.7200000000000035
0.4,1.440000000000001
0.6,1.1600000000000021
0.8,0.880000000000001
1.0,0.6000000000000003
