dose,Reff
0.0,2.8000000000000043
0.2,2.4080000000000052
0.4,2.0160000000000027
0.6,1.6240000000000032
0.8,1.232000000000003
1.0,0.8400000000000017
