dose,Reff
0.0,2.8000000000000043
0.2,2.7011779433324
0.4,2.6024489548140783
0.6,2.5038246564113957
0.8,2.4053186609018997
1.0,2.306947010083639
