dose,Reff
0.0,2.8000000000000043
0.2,2.7038787385917535
0.4,2.607832738663684
0.6,2.511871163212061
0.8,2.4160047077167004
1.0,2.320245930114295
