dose,Reff
0.0,2.8000000000000043
0.2,2.4150058322981884
0.4,2.030065824114928
0.6,1.6452189721961337
0.8,1.2605534496072364
1.0,0.8763193903556591
