dose,Reff
0.0,2.300000000000002
0.2,1.9875314807867184
0.4,1.6754366227075466
0.6,1.3640126362409817
0.8,1.0539792703308524
1.0,0.7476011876679194
