dose,Reff
0.0,2.300000000000002
0.2,1.9780000000000044
0.4,1.6560000000000021
0.6,1.3339999999999985
0.8,1.0119999999999991
1.0,0.6900000000000013
