dose,Reff
0.0,2.300000000000002
0.2,2.217525511626874
0.4,2.135115964699509
0.6,2.052780029663945
0.8,1.9705279885474536
1.0,1.8883721264246462
