dose,Reff
0.0,2.300000000000002
0.2,2.213878412181329
0.4,2.1278600969665042
0.6,2.0419590676882002
0.8,1.9561919827591632
1.0,1.8705787976661603
