dose,Reff
0.0,1.9999999999999938
0.2,1.723207759509396
0.4,1.446450625813428
0.6,1.1697545301285373
0.8,0.8931792311196387
1.0,0.6168998901074623
