dose,Reff
0.0,1.9999999999999938
0.2,1.9296145211432512
0.4,1.859301346103675
0.6,1.7890702924248414
0.8,1.7189330224747792
1.0,1.6489034925851347
