dose,Reff
0.0,1.9999999999999938
0.2,1.719999999999997
0.4,1.439999999999996
0.6,1.159999999999998
0.8,0.8799999999999976
1.0,0.5999999999999974
