dose,Reff
0.0,1.9999999999999938
0.2,1.9308518170982958
0.4,1.8617657528984233
0.6,1.7927501089491318
0.8,1.7238147221995177
1.0,1.6549713330304898
