dose,Reff
0.0,2.7000000000000033
0.2,2.334669444834511
0.4,1.9698542599787998
0.6,1.6059590313727532
0.8,1.243951129705204
1.0,0.8867940510719916
