dose,Reff
0.0,2.7000000000000033
0.2,2.3220000000000045
0.4,1.944000000000001
0.6,1.5660000000000012
0.8,1.1880000000000006
1.0,0.8100000000000004
