dose,Reff
0.0,2.7000000000000033
0.2,2.6057734261137186
0.4,2.5116367727650184
0.6,2.417601828603295
0.8,2.3236825209084317
1.0,2.229895418648191
