dose,Reff
0.0,2.7000000000000033
0.2,2.6009341411405327
0.4,2.5020187775910228
0.6,2.4032740182620524
0.8,2.3047236800751483
1.0,2.20639617143203
