dose,Reff
0.0,2.0000000000000027
0.2,1.7248612318604242
0.4,1.4497680405324318
0.6,1.1747535398848292
0.8,0.8998930877871664
1.0,0.625402761089129
