dose,Reff
0.0,2.0000000000000027
0.2,1.7200000000000002
0.4,1.4400000000000008
0.6,1.1600000000000015
0.8,0.8799999999999991
1.0,0.5999999999999999
