dose,Reff
0.0,2.0000000000000027
0.2,1.9284401003202882
0.4,1.856941870061661
0.6,1.7855130983710596
0.8,1.714162925688092
1.0,1.6429021454320059
