dose,Reff
0.0,2.0000000000000027
0.2,1.9303140802546688
0.4,1.8606775215759868
0.6,1.7910964087549686
0.8,1.7215778580719086
1.0,1.652130242690525
