dose,Reff
0.0,2.3
0.2,1.9812445162534593
0.4,1.6625830223640714
0.6,1.3440898737329698
0.8,1.0259455221781575
1.0,0.708727853817081
