dose,Reff
0.0,2.3
0.2,1.977999999999998
0.4,1.6560000000000001
0.6,1.3339999999999985
0.8,1.0119999999999985
1.0,0.6899999999999994
