dose,Reff
0.0,2.3
0.2,2.2293166772722843
0.4,2.1587099290858855
0.6,2.088187852997349
0.8,2.0177597013861894
1.0,1.947436088866842
