dose,Reff
0.0,2.3
0.2,2.228073364714894
0.4,2.1562503647244893
0.6,2.08454175530274
0.8,2.012959785741021
1.0,1.9415184582025526
