dose,Reff
0.0,2.300000000000002
0.2,2.2177335874464488
0.4,2.135516703457765
0.6,2.0533555877907994
0.8,1.9712575679605728
1.0,1.8892313055597527
