dose,Reff
0.0,2.300000000000002
0.2,1.9835184533963002
0.4,1.6671465640202499
0.6,1.3509671221458903
0.8,1.0351737989038594
1.0,0.7203474433359915
