dose,Reff
0.0,2.300000000000002
0.2,1.9779999999999984
0.4,1.6559999999999997
0.6,1.3339999999999974
0.8,1.0119999999999985
1.0,0.6899999999999993
