dose,Reff
0.0,2.300000000000002
0.2,2.215609367654993
0.4,2.131278253633522
0.6,2.047014335386962
0.8,1.9628266600479871
1.0,1.8787259616258227
