dose,Reff
0.0,2.299999999999997
0.2,1.9779999999999964
0.4,1.6559999999999948
0.6,1.333999999999998
0.8,1.012
1.0,0.6899999999999986
