dose,Reff
0.0,2.299999999999997
0.2,2.2183535159169145
0.4,2.1367757084482997
0.6,2.0552755465664077
0.8,1.9738636254470832
1.0,1.892552550695782
