dose,Reff
0.0,2.299999999999997
0.2,2.214853333670354
0.4,2.129820595907727
0.6,2.0449167341729186
0.8,1.9601594104686826
1.0,1.8755696417439998
