dose,Reff
0.0,2.299999999999997
0.2,1.9871951400354224
0.4,1.6748301840515532
0.6,1.3632627473331789
0.8,1.0533719946414
1.0,0.7479836230913316
