dose,Reff
0.0,1.7099999999999955
0.2,1.6495891674594145
0.4,1.5892204160196008
0.6,1.528899181068366
0.8,1.4686318732369792
1.0,1.4084261066050554
