dose,Reff
0.0,1.7099999999999955
0.2,1.647456174834003
0.4,1.5849755691280287
0.6,1.5225664544386353
0.8,1.4602386029387697
1.0,1.3980036417564774
