dose,Reff
0.0,1.7099999999999955
0.2,1.4705999999999984
0.4,1.231199999999998
0.6,0.991799999999998
0.8,0.7523999999999982
1.0,0.5129999999999996
