dose,Reff
0.0,1.7099999999999955
0.2,1.476166746265089
0.4,1.242517818675702
0.6,1.009197695006959
0.8,0.7765531929852625
1.0,0.5456654456006235
