dose,Reff
0.0,2.400000000000001
0.2,2.317773983994677
0.4,2.2356312019036606
0.6,2.153581574905942
0.8,2.0716366380222215
1.0,1.9898098754412994
