dose,Reff
0.0,2.400000000000001
0.2,2.3201681789222866
0.4,2.240395314791849
0.6,2.1606882857410428
0.8,2.0810550698703274
1.0,2.001504971200508
