dose,Reff
0.0,2.400000000000001
0.2,2.0702145561073606
0.4,1.7405160376612734
0.6,1.410968497765155
0.8,1.0817191367549333
1.0,0.7531965908504501
