dose,Reff
0.0,2.400000000000001
0.2,2.063999999999995
0.4,1.728
0.6,1.392000000000001
0.8,1.0559999999999996
1.0,0.7199999999999991
