dose,Reff
0.0,1.320000000000001
0.2,1.2743497193231519
0.4,1.228738062269422
0.6,1.183169687373397
0.8,1.137650022554903
1.0,1.0921854280867742
