dose,Reff
0.0,1.320000000000001
0.2,1.1380634432276786
0.4,0.956146798857761
0.6,0.7742644284195623
0.8,0.5924488504659536
1.0,0.41079257343631537
