dose,Reff
0.0,1.320000000000001
0.2,1.1352000000000009
0.4,0.950400000000001
0.6,0.7656000000000001
0.8,0.5808000000000001
1.0,0.3959999999999999
