dose,Reff
0.0,1.320000000000001
0.2,1.2754552847077505
0.4,1.2309423680202407
0.6,1.1864649870953508
0.8,1.1420274812666744
1.0,1.0976349167023052
