dose,Reff
0.0,2.4000000000000017
0.2,2.064
0.4,1.7279999999999975
0.6,1.392
0.8,1.0560000000000003
1.0,0.7200000000000002
