dose,Reff
0.0,2.4000000000000017
0.2,2.0663800791970552
0.4,1.732778640830178
0.6,1.3992092973124175
0.8,1.065703366303167
1.0,0.7323524644589363
