dose,Reff
0.0,2.4000000000000017
0.2,2.322024616283889
0.4,2.244176239361913
0.6,2.1664694165313247
0.8,2.0889209282475623
1.0,2.011550215551387
