dose,Reff
0.0,2.4000000000000017
0.2,2.3229387163230584
0.4,2.2459892844272784
0.6,2.169164445921156
0.8,2.092478894225217
1.0,2.0159496490897473
