dose,Reff
0.0,1.8199999999999985
0.2,1.7573324383464386
0.4,1.6947014684129929
0.6,1.632111545235575
0.8,1.569567872108654
1.0,1.507076563214085
