dose,Reff
0.0,1.8199999999999985
0.2,1.5651999999999988
0.4,1.3104
0.6,1.055600000000001
0.8,0.8008
1.0,0.5460000000000009
