dose,Reff
0.0,1.8199999999999985
0.2,1.7553991263796689
0.4,1.6908447973141674
0.6,1.6263428514612546
0.8,1.561900136915707
1.0,1.4975247367619453
