dose,Reff
0.0,1.8199999999999985
0.2,1.5702059447106749
0.4,1.320459927768232
0.6,1.0707967348362801
0.8,0.8212953190096905
1.0,0.5721809808281002
