dose,Reff
0.0,2.0000000000000004
0.2,1.7271456595042611
0.4,1.454303931276744
0.6,1.1814833741092814
0.8,0.9087025400512
1.0,0.6360105093580697
