dose,Reff
0.0,2.0000000000000004
0.2,1.7200000000000013
0.4,1.4400000000000004
0.6,1.1599999999999988
0.8,0.8799999999999999
1.0,0.5999999999999999
