dose,Reff
0.0,2.0000000000000004
0.2,1.9349479442670958
0.4,1.8699271058467746
0.6,1.8049409919650143
0.8,1.7399936510985694
1.0,1.6750897805561693
