dose,Reff
0.0,2.0000000000000004
0.2,1.932163729695632
0.4,1.8643655891621962
0.6,1.7966101314003735
0.8,1.728902656468867
1.0,1.6612493693812422
