dose,Reff
0.0,2.300000000000002
0.2,1.9815732691623693
0.4,1.6631717114003461
0.6,1.3448136547169078
0.8,1.0265408985815647
1.0,0.7084738653768491
