dose,Reff
0.0,2.300000000000002
0.2,2.2185267266286854
0.4,2.1370962150402106
0.6,2.055713580861108
0.8,1.9743847813468356
1.0,1.8931167939340492
