dose,Reff
0.0,2.300000000000002
0.2,2.219901349600057
0.4,2.1398354428628186
0.6,2.059806140360738
0.8,1.9798179296906426
1.0,1.8998760570685755
