dose,Reff
0.0,2.300000000000002
0.2,1.9780000000000024
0.4,1.6560000000000004
0.6,1.3340000000000014
0.8,1.0120000000000016
1.0,0.69
