dose,Reff
0.0,2.2199999999999953
0.2,1.9091999999999985
0.4,1.5984000000000005
0.6,1.2876000000000003
0.8,0.976799999999998
1.0,0.6660000000000013
