dose,Reff
0.0,2.2199999999999953
0.2,2.1438620039738776
0.4,2.0677963448904673
0.6,1.9918116936463879
0.8,1.9159181415554738
1.0,1.8401274980631057
