dose,Reff
0.0,2.2199999999999953
0.2,2.145641936697618
0.4,2.071344370731983
0.6,1.9971143740931332
0.8,1.9229601502783518
1.0,1.848891266403181
