dose,Reff
0.0,2.2199999999999953
0.2,1.9138058918139276
0.4,1.607644846656692
0.6,1.3015407644757437
0.8,0.995547851684574
1.0,0.6898207528708649
