dose,Reff
0.0,2.1999999999999997
0.2,1.8919999999999988
0.4,1.5839999999999996
0.6,1.2759999999999998
0.8,0.9680000000000005
1.0,0.6599999999999993
