dose,Reff
0.0,2.1999999999999997
0.2,1.894855401650671
0.4,1.5897488475861354
0.6,1.284708720672797
0.8,0.9798009148032274
1.0,0.6752210115655392
