dose,Reff
0.0,2.1999999999999997
0.2,2.0459999999999985
0.4,1.891999999999999
0.6,1.7379999999999995
0.8,1.5839999999999979
1.0,1.43
