dose,Reff
0.0,2.1999999999999997
0.2,2.0474240394174847
0.4,1.894855401650671
0.6,1.7422960768366744
0.8,1.589748847586136
1.0,1.4372177266952801
