dose,Reff
0.0,1.532266470999996
0.2,1.3222091990761315
0.4,1.112193054244477
0.6,0.9022476604504087
0.8,0.6924399915489808
1.0,0.4829598853292595
