dose,Reff
0.0,1.532266470999996
0.2,1.317749165059999
0.4,1.103231859119999
0.6,0.8887145531799991
0.8,0.6741972472399985
1.0,0.45967994129999934
