dose,Reff
0.0,1.532266470999996
0.2,1.4770757312646414
0.4,1.4219286742482735
0.6,1.3668307692018766
0.8,1.311788425452157
1.0,1.256809200242376
