dose,Reff
0.0,1.532266470999996
0.2,1.4787940378170552
0.4,1.4253540142286572
0.6,1.3719503267352378
0.8,1.3185875560539961
1.0,1.265271077662454
