dose,Reff
0.0,2.2999999999999985
0.2,1.983309134402678
0.4,1.6666573248233054
0.6,1.350072765543113
0.8,1.033619334044799
1.0,0.7174789046701757
