dose,Reff
0.0,2.2999999999999985
0.2,2.2193718733548446
0.4,2.1388120576593375
0.6,2.0583288567944775
0.8,1.9779319569471365
1.0,1.8976327217601496
