dose,Reff
0.0,2.2999999999999985
0.2,1.978000000000002
0.4,1.6560000000000006
0.6,1.333999999999999
0.8,1.0120000000000022
1.0,0.690000000000001
