dose,Reff
0.0,2.2999999999999985
0.2,2.221419103752923
0.4,2.1428918796487526
0.6,2.0644247111911525
0.8,1.986025023605205
1.0,1.907701502447392
