dose,Reff
0.0,2.0999999999999988
0.2,1.8126142749329248
0.4,1.5253442222134819
0.6,1.238275712623392
0.8,0.9516070019403411
1.0,0.6659189965187242
