dose,Reff
0.0,2.0999999999999988
0.2,2.0236924860047467
0.4,1.9474522181712643
0.6,1.8712878401048267
0.8,1.7952095252932876
1.0,1.7192293266104024
