dose,Reff
0.0,2.0999999999999988
0.2,2.0262403369871844
0.4,1.9525289897552252
0.6,1.878871998074833
0.8,1.8052764434739415
1.0,1.731750681765009
