dose,Reff
0.0,1.8000000000000003
0.2,1.5516825447653237
0.4,1.3034059605220372
0.6,1.0552003061506299
0.8,0.8071346109813511
1.0,0.5594099036991987
