dose,Reff
0.0,1.8000000000000003
0.2,1.5480000000000018
0.4,1.2960000000000007
0.6,1.0439999999999996
0.8,0.7920000000000003
1.0,0.5400000000000007
