dose,Reff
0.0,1.8000000000000003
0.2,1.7380049618487075
0.4,1.6760511868803027
0.6,1.6141437603035493
0.8,1.552288632189806
1.0,1.4904928078650759
