dose,Reff
0.0,1.8000000000000003
0.2,1.736584725327884
0.4,1.6732197966977251
0.6,1.6099115429012776
0.8,1.5466673895092118
1.0,1.4834961045809862
