dose,Reff
0.0,2.3999999999999986
0.2,2.318148982623814
0.4,2.2363559886151663
0.6,2.1546280707763734
0.8,2.0729734601527876
1.0,1.991401819590708
