dose,Reff
0.0,2.3999999999999986
0.2,2.3155807483501603
0.4,2.2312406272577756
0.6,2.146989502606178
0.8,2.062838926234202
1.0,1.9788025057588312
