dose,Reff
0.0,2.3999999999999986
0.2,2.063999999999998
0.4,1.7279999999999982
0.6,1.3920000000000001
0.8,1.0559999999999996
1.0,0.7199999999999992
