dose,Reff
0.0,2.3999999999999986
0.2,2.0706436475075716
0.4,1.741349569384313
0.6,1.4121628086581115
0.8,1.0831855149185925
1.0,0.7547087784815413
