dose,Reff
0.0,2.199999999999997
0.2,1.8979585511178247
0.4,1.5959610828420967
0.6,1.2940391409148306
0.8,0.9922638489975983
1.0,0.6908360019961168
