dose,Reff
0.0,2.199999999999997
0.2,2.1232412557623737
0.4,2.046563062068288
0.6,1.9699753018638326
0.8,1.8934895128389488
1.0,1.8171192411807688
