dose,Reff
0.0,2.199999999999997
0.2,1.891999999999999
0.4,1.5840000000000014
0.6,1.2759999999999994
0.8,0.9680000000000006
1.0,0.660000000000001
