dose,Reff
0.0,2.199999999999997
0.2,2.1255438366618593
0.4,2.051151816064736
0.6,1.9768315621582673
0.8,1.9025919376435754
1.0,1.828443301592457
