dose,Reff
0.0,2.6000000000000005
0.2,2.510240652590852
0.4,2.420546702498031
0.6,2.3309261110415713
0.8,2.2413881714446697
1.0,2.151943795845863
