dose,Reff
0.0,2.6000000000000005
0.2,2.5074252604677976
0.4,2.414930633148951
0.6,2.3225261964884663
0.8,2.230223770379423
1.0,2.138037303393424
