dose,Reff
0.0,2.6000000000000005
0.2,2.2359999999999993
0.4,1.8720000000000014
0.6,1.5080000000000031
0.8,1.144000000000001
1.0,0.7800000000000008
