dose,Reff
0.0,2.6000000000000005
0.2,2.2432915303366543
0.4,1.886639320115636
0.6,1.5300837364034552
0.8,1.1737158061713349
1.0,0.8177925417336525
