dose,Reff
0.0,1.7700000000000022
0.2,1.5222
0.4,1.2744000000000009
0.6,1.0266000000000008
0.8,0.778799999999999
1.0,0.5310000000000006
