dose,Reff
0.0,1.7700000000000022
0.2,1.7129786588760236
0.4,1.656006199075438
0.6,1.5990882988049289
0.8,1.5422315371404665
1.0,1.4854435767033867
