dose,Reff
0.0,1.7700000000000022
0.2,1.7117735217976926
0.4,1.6536077242518459
0.6,1.595509746085016
0.8,1.5374878706764692
1.0,1.4795517600021988
