dose,Reff
0.0,1.7700000000000022
0.2,1.5253141151890053
0.4,1.280667594262124
0.6,1.036089615989511
0.8,0.7916475835835199
1.0,0.5475397795208805
