dose,Reff
0.0,2.3000000000000007
0.2,2.2172483696588645
0.4,2.134541458658199
0.6,2.0518850401050854
0.8,1.969285924784971
1.0,1.8867522051759775
