dose,Reff
0.0,2.3000000000000007
0.2,1.9780000000000002
0.4,1.6560000000000001
0.6,1.334
0.8,1.0120000000000022
1.0,0.6900000000000007
