dose,Reff
0.0,2.3000000000000007
0.2,2.214298653428968
0.4,2.1286624142512514
0.6,2.043099737543148
0.8,1.9576206056090402
1.0,1.872236888664453
