dose,Reff
0.0,2.3000000000000007
0.2,1.9857007568043232
0.4,1.671680182908184
0.6,1.35815803099355
0.8,1.0456638159168887
1.0,0.7358558641630022
