dose,Reff
0.0,1.8000000000000045
0.2,1.7333139026754019
0.4,1.6667355719282801
0.6,1.6002794041789177
0.8,1.5339624417618705
1.0,1.4678049988865467
