dose,Reff
0.0,1.8000000000000045
0.2,1.5480000000000027
0.4,1.2960000000000023
0.6,1.0440000000000031
0.8,0.792000000000002
1.0,0.5400000000000014
