dose,Reff
0.0,1.8000000000000045
0.2,1.5550589570577886
0.4,1.310465788071602
0.6,1.0665067244007833
0.8,0.8238925688089341
1.0,0.5849496053894812
