dose,Reff
0.0,1.8000000000000045
0.2,1.7360030084973639
0.4,1.672073407310096
0.6,1.608220125988205
0.8,1.5444537279737105
1.0,1.4807867973782478
