dose,Reff
0.0,2.100000000000002
0.2,1.8059999999999992
0.4,1.5120000000000016
0.6,1.2179999999999993
0.8,0.9240000000000005
1.0,0.6299999999999994
