dose,Reff
0.0,2.100000000000002
0.2,1.8099953853758382
0.4,1.5200307752589683
0.6,1.230135475188527
0.8,0.9403765966185128
1.0,0.6509487038673889
