dose,Reff
0.0,2.100000000000002
0.2,2.030468714153243
0.4,1.9609999405746548
0.6,1.891600936953353
0.8,1.822280112020435
1.0,1.7530472590099084
