dose,Reff
0.0,2.100000000000002
0.2,2.032014084103322
0.4,1.9640785689724551
0.6,1.8961991942509764
0.8,1.8283825943712397
1.0,1.7606364774319838
