dose,Reff
0.0,2.7066033419999975
0.2,2.3276788741199996
0.4,1.948754406240001
0.6,1.569829938360002
0.8,1.1909054704799988
1.0,0.8119810026000003
