dose,Reff
0.0,2.7066033419999975
0.2,2.3393073412987286
0.4,1.972456853890156
0.6,1.6064016005072854
0.8,1.2419792149191644
1.0,0.8817726633384421
