dose,Reff
0.0,2.7066033419999975
0.2,2.606708045639081
0.4,2.5069623435239796
0.6,2.4073863559701096
0.8,2.308003937690295
1.0,2.2088435736468615
