dose,Reff
0.0,2.7066033419999975
0.2,2.611145350217727
0.4,2.5157793483299997
0.6,2.4205174753727547
0.8,2.3253740890852286
1.0,2.230366292431258
