dose,Reff
0.0,1.8699999999999997
0.2,1.6081999999999992
0.4,1.3463999999999983
0.6,1.0846000000000005
0.8,0.8228
1.0,0.5609999999999994
