dose,Reff
0.0,1.8699999999999997
0.2,1.8050049515667037
0.4,1.7400435029542913
0.6,1.675119653873559
0.8,1.6102380592488523
1.0,1.5454041677353443
