dose,Reff
0.0,1.8699999999999997
0.2,1.6131886904786732
0.4,1.3564338504102422
0.6,1.0997767028659389
0.8,0.8433113569487032
1.0,0.5873089400959522
