dose,Reff
0.0,1.8699999999999997
0.2,1.803081535533188
0.4,1.7362086195138347
0.6,1.6693868488421697
0.8,1.6026227652604141
1.0,1.5359240607385716
