dose,Reff
0.0,2.5000000000000027
0.2,2.1499999999999986
0.4,1.800000000000001
0.6,1.4500000000000002
0.8,1.0999999999999992
1.0,0.7499999999999999
