dose,Reff
0.0,2.5000000000000027
0.2,2.1572094695292643
0.4,1.8145392748494071
0.6,1.4720787189083784
0.8,1.130034004397519
1.0,0.7890098420584911
