dose,Reff
0.0,2.5000000000000027
0.2,2.4101303647199614
0.4,2.320372201017234
0.6,2.2307400552119527
0.8,2.1412510745314286
1.0,2.0519256033030238
