dose,Reff
0.0,2.5000000000000027
0.2,2.4128980858688345
0.4,2.3258772048235032
0.6,2.238947665921413
0.8,2.1521215815580095
1.0,2.0654132737552438
