dose,Reff
0.0,1.0765256190000003
0.2,1.0411269401928998
0.4,1.0057866652012644
0.6,0.9705118059648974
0.8,0.9353105081296057
1.0,0.9001922806831224
