dose,Reff
0.0,1.0765256190000003
0.2,0.9286501087884527
0.4,0.7808226599646892
0.6,0.6330789770030831
0.8,0.48550157369553054
1.0,0.33833282421466937
