dose,Reff
0.0,1.0765256190000003
0.2,0.9258120323399985
0.4,0.7750984456799999
0.6,0.6243848590199995
0.8,0.47367127236000023
1.0,0.3229576856999993
