dose,Reff
0.0,1.0765256190000003
0.2,1.0422199646514287
0.4,1.007958132683553
0.6,0.9737452658755753
0.8,0.9395873231069227
1.0,0.9054912426300221
