dose,Reff
0.0,2.5100000000000007
0.2,2.420995353312333
0.4,2.3320564902215635
0.6,2.2431914273623574
0.8,2.154409523203715
1.0,2.0657217671956833
