dose,Reff
0.0,2.5100000000000007
0.2,2.1585999999999994
0.4,1.8072000000000006
0.6,1.4558000000000018
0.8,1.1044000000000027
1.0,0.7530000000000002
