dose,Reff
0.0,2.5100000000000007
0.2,2.165594628774645
0.4,1.821307033959866
0.6,1.4772247516556778
0.8,1.1335501384975593
1.0,0.7908778198640325
