dose,Reff
0.0,2.5100000000000007
0.2,2.423691888125922
0.4,2.3374307747940914
0.6,2.2512222557270025
0.8,2.1650728439247198
1.0,2.078990163827005
