dose,Reff
0.0,2.7999999999999936
0.2,2.699233644600278
0.4,2.5985365031405467
0.6,2.497917690468283
0.8,2.3973879927697412
1.0,2.2969602683535237
