dose,Reff
0.0,2.7999999999999936
0.2,2.6944294484059648
0.4,2.588972634399364
0.6,2.4836447658746836
0.8,2.378463879592396
1.0,2.273451529030183
