dose,Reff
0.0,2.7999999999999936
0.2,2.407999999999997
0.4,2.0159999999999965
0.6,1.6239999999999983
0.8,1.2319999999999989
1.0,0.8399999999999982
