dose,Reff
0.0,2.7999999999999936
0.2,2.4205817672290397
0.4,2.041699730752253
0.6,1.66377998149866
0.8,1.2878513094406003
1.0,0.9171195648050182
