dose,Reff
0.0,2.5999999999999943
0.2,2.5073947599803126
0.4,2.4148590882792025
0.6,2.32240151915427
0.8,2.2300320228742376
1.0,2.137762316251031
