dose,Reff
0.0,2.5999999999999943
0.2,2.2359999999999984
0.4,1.871999999999999
0.6,1.508000000000001
0.8,1.1439999999999995
1.0,0.78
