dose,Reff
0.0,2.5999999999999943
0.2,2.510253059240359
0.4,2.4205585360199495
0.6,2.3309226462494532
0.8,2.2413526184660104
1.0,2.151856906293994
