dose,Reff
0.0,2.5999999999999943
0.2,2.2434166094622237
0.4,1.8868923691550359
0.6,1.5304697077045153
0.8,1.1742442741991068
1.0,0.8184859763372778
