dose,Reff
0.0,1.9000000000000021
0.2,1.8349078785653403
0.4,1.7698566804913973
0.6,1.7048512207947122
0.8,1.639897091727323
1.0,1.5750008240992877
