dose,Reff
0.0,1.9000000000000021
0.2,1.6390752029588436
0.4,1.3781956990170752
0.6,1.1173941624598736
0.8,0.85674455525544
1.0,0.5964570110384381
