dose,Reff
0.0,1.9000000000000021
0.2,1.6340000000000017
0.4,1.368000000000001
0.6,1.102
0.8,0.8360000000000012
1.0,0.5700000000000007
