dose,Reff
0.0,1.9000000000000021
0.2,1.8329503511863934
0.4,1.7659548519050796
0.6,1.699020080636601
0.8,1.6321537100672563
1.0,1.565364740472467
