dose,Reff
0.0,2.199999999999996
0.2,2.120655636134043
0.4,2.0413887491626856
0.6,1.962209226865678
0.8,1.8831286920729737
1.0,1.8041608949470431
