dose,Reff
0.0,2.199999999999996
0.2,1.8983058652087508
0.4,1.5967274265989224
0.6,1.2953513219905466
0.8,0.9943789205144085
1.0,0.6944072098042955
