dose,Reff
0.0,2.199999999999996
0.2,1.8919999999999968
0.4,1.5839999999999956
0.6,1.2759999999999982
0.8,0.9679999999999991
1.0,0.6599999999999986
