dose,Reff
0.0,2.199999999999996
0.2,2.123080669373605
0.4,2.046213359556802
0.6,1.9694046067927147
0.8,1.8926620808761425
1.0,1.8159948396367587
