dose,Reff
0.0,1.9000000000000006
0.2,1.642105736045862
0.4,1.3846095358337522
0.6,1.1278348269477538
0.8,0.8725753761462308
1.0,0.6213679493738544
