dose,Reff
0.0,1.9000000000000006
0.2,1.8320202332676785
0.4,1.7641133581452206
0.6,1.6962901456916062
0.8,1.6285635933985168
1.0,1.5609495274334386
