dose,Reff
0.0,1.9000000000000006
0.2,1.6340000000000003
0.4,1.3680000000000005
0.6,1.1020000000000003
0.8,0.8360000000000005
1.0,0.5700000000000007
