dose,Reff
0.0,1.9000000000000006
0.2,1.8289210977185046
0.4,1.7579518482189829
0.6,1.6871086656357421
0.8,1.6164114314799103
1.0,1.5458844606725592
