dose,Reff
0.0,1.6473392819999988
0.2,1.4167117825200004
0.4,1.1860842830400007
0.6,0.95545678356
0.8,0.7248292840799998
1.0,0.49420178460000086
