dose,Reff
0.0,1.6473392819999988
0.2,1.5915184886559541
0.4,1.535749612270364
0.6,1.4800392562407068
0.8,1.4243951802567159
1.0,1.3688265612709571
