dose,Reff
0.0,1.6473392819999988
0.2,1.5895722380120894
0.4,1.5318754131374408
0.6,1.4742579647731886
0.8,1.4167306922557585
1.0,1.3593064155790373
