dose,Reff
0.0,1.6473392819999988
0.2,1.421767575725141
0.4,1.196285281564784
0.6,0.9709587035903202
0.8,0.7459407930065366
1.0,0.5216790401419972
