dose,Reff
0.0,1.9999999999999982
0.2,1.720000000000001
0.4,1.4400000000000017
0.6,1.1600000000000001
0.8,0.8800000000000001
1.0,0.6000000000000005
