dose,Reff
0.0,1.9999999999999982
0.2,1.930164092325515
0.4,1.8603793830740927
0.6,1.7906521246820792
0.8,1.7209896180718443
1.0,1.6514004389044574
