dose,Reff
0.0,1.9999999999999982
0.2,1.7250419386482339
0.4,1.4501106522469946
0.6,1.1752252139528396
0.8,0.9004284234773693
1.0,0.6258402105924494
