dose,Reff
0.0,1.9999999999999982
0.2,1.932117312548674
0.4,1.8642777908575772
0.6,1.79648653488188
0.8,1.728749472235219
1.0,1.6610735311378062
