dose,Reff
0.0,2.999999999999994
0.2,2.8956707089923492
0.4,2.7914351321326265
0.6,2.6873047052875823
0.8,2.583292776698257
1.0,2.479415017510389
