dose,Reff
0.0,2.999999999999994
0.2,2.586719702231532
0.4,2.1734874768070247
0.6,1.7603379824843013
0.8,1.34734967089027
1.0,0.9347455754076792
