dose,Reff
0.0,2.999999999999994
0.2,2.5799999999999947
0.4,2.159999999999995
0.6,1.739999999999997
0.8,1.3199999999999985
1.0,0.899999999999999
