dose,Reff
0.0,2.999999999999994
0.2,2.8982653130280953
0.4,2.796610122608742
0.6,2.6950439005360614
0.8,2.593577666504151
1.0,2.4922243132339457
