dose,Reff
0.0,2.0
0.2,1.7248554202467334
0.4,1.4497842546415096
0.6,1.1748410019006352
0.8,0.9001515983924965
1.0,0.6260862238747273
