dose,Reff
0.0,2.0
0.2,1.7199999999999998
0.4,1.4400000000000024
0.6,1.1600000000000006
0.8,0.8800000000000001
1.0,0.6000000000000009
