dose,Reff
0.0,2.0
0.2,1.9312294793365328
0.4,1.8625182443425539
0.6,1.7938737796898414
0.8,1.7253048737723606
1.0,1.6568219123533638
