dose,Reff
0.0,2.0
0.2,1.9293539043525654
0.4,1.8587805661982582
0.6,1.788289444541518
0.8,1.7178916930506896
1.0,1.647600552026086
