dose,Reff
0.0,2.3999999999999977
0.2,2.322185833109004
0.4,2.244435293255896
0.6,2.1667555766661586
0.8,2.0891549906449347
1.0,2.0116431728506416
