dose,Reff
0.0,2.3999999999999977
0.2,2.0690176282277006
0.4,1.7380800430301864
0.6,1.4072197876103023
0.8,1.0765109392830392
1.0,0.746166053818218
