dose,Reff
0.0,2.3999999999999977
0.2,2.0639999999999983
0.4,1.7279999999999993
0.6,1.3920000000000008
0.8,1.0559999999999972
1.0,0.7199999999999998
