dose,Reff
0.0,2.3999999999999977
0.2,2.324128807797866
0.4,2.24830608159977
0.6,2.1725371988230506
0.8,2.0968283535620387
1.0,2.0211867156484935
