dose,Reff
0.0,1.7300000000000015
0.2,1.4927478915960508
0.4,1.2555500261939032
0.6,1.0184458450263305
0.8,0.7815251190946895
1.0,0.5450451265628087
