dose,Reff
0.0,1.7300000000000015
0.2,1.4878000000000031
0.4,1.2456000000000023
0.6,1.003400000000001
0.8,0.7612000000000008
1.0,0.519000000000001
