dose,Reff
0.0,1.7300000000000015
0.2,1.668510177905121
0.4,1.6070712366208766
0.6,1.5456895349216724
0.8,1.484372523175053
1.0,1.4231289845578674
