dose,Reff
0.0,1.7300000000000015
0.2,1.6704184329857457
0.4,1.6108757972308139
0.6,1.5513768188280537
0.8,1.4919270133456366
1.0,1.4325328559769321
