dose,Reff
0.0,2.3999999999999977
0.2,2.0673342046834513
0.4,1.7347025976952004
0.6,1.4021304200822462
0.8,1.0696758275682994
1.0,0.7375092623856179
