dose,Reff
0.0,2.3999999999999977
0.2,2.3237104560400805
0.4,2.247529434424166
0.6,2.171469422251539
0.8,2.0955448384921933
1.0,2.019772408101793
