dose,Reff
0.0,2.3999999999999977
0.2,2.3249998602126993
0.4,2.2500927669562345
0.6,2.1752892787691085
0.8,2.10060156888769
1.0,2.0260437354222445
