dose,Reff
0.0,2.4
0.2,2.0711827816355797
0.4,1.7425263753453715
0.6,1.41415241837057
0.8,1.0863455648607885
1.0,0.7599584128463043
