dose,Reff
0.0,2.4
0.2,2.0639999999999996
0.4,1.7279999999999973
0.6,1.3919999999999977
0.8,1.055999999999998
1.0,0.7199999999999993
