dose,Reff
0.0,2.4
0.2,2.3140998442747316
0.4,2.2282788900800305
0.6,2.1425471693691054
0.8,2.056916464791542
1.0,1.971400704304199
