dose,Reff
0.0,2.4
0.2,2.31686486089324
0.4,2.2337846384395172
0.6,2.150766172169619
0.8,2.0678174781254173
1.0,1.9849480110362516
