dose,Reff
0.0,3.498699999999999
0.2,3.023564751707251
0.4,2.5490027126982806
0.6,2.0754646455499657
0.8,1.6040315891440204
1.0,1.1380439780753768
