dose,Reff
0.0,3.498699999999999
0.2,3.3745220145660704
0.4,3.250418835060503
0.6,3.126399899858933
0.8,3.0024762974823633
1.0,2.8786611418736223
