dose,Reff
0.0,3.498699999999999
0.2,3.0088820000000016
0.4,2.519064000000004
0.6,2.0292460000000023
0.8,1.539428000000002
1.0,1.0496099999999995
