dose,Reff
0.0,3.498699999999999
0.2,3.3688967969699917
0.4,3.239219129042592
0.6,3.1096830697697544
0.8,2.980307536007668
1.0,2.8511149400160467
