dose,Reff
0.0,2.200000000000001
0.2,2.125731229036785
0.4,2.0515274453576593
0.6,1.9773968083108004
0.8,1.9033488873187177
1.0,1.829394976003307
