dose,Reff
0.0,2.200000000000001
0.2,2.123071959875574
0.4,2.0462377895762427
0.6,1.9695094645707922
0.8,1.892901058103544
1.0,1.8164292133402575
