dose,Reff
0.0,2.200000000000001
0.2,1.8989105418839658
0.4,1.5979912593438188
0.6,1.2973713315318132
0.8,0.9973536928669301
1.0,0.6988478616419013
