dose,Reff
0.0,2.200000000000001
0.2,1.8920000000000008
0.4,1.5839999999999992
0.6,1.2760000000000002
0.8,0.9680000000000003
1.0,0.660000000000001
