dose,Reff
0.0,2.2000000000000024
0.2,1.8920000000000028
0.4,1.5840000000000014
0.6,1.2760000000000036
0.8,0.9680000000000005
1.0,0.6600000000000008
