dose,Reff
0.0,2.2000000000000024
0.2,2.1217389134778637
0.4,2.0435453318014343
0.6,1.9654277575409445
0.8,1.8873961635820788
1.0,1.8094623201513669
