dose,Reff
0.0,2.2000000000000024
0.2,1.8983317518887717
0.4,1.5967092758066173
0.6,1.2951652904963886
0.8,0.9937733760495205
1.0,0.6927403483954367
