dose,Reff
0.0,2.2000000000000024
0.2,2.1241835876683037
0.4,2.048421305994622
0.6,1.9727197480994918
0.8,1.8970866105510744
1.0,1.8215309312002086
