dose,Reff
0.0,1.3000000000000014
0.2,1.2567667996069667
0.4,1.213566051154049
0.6,1.170401564391629
0.8,1.1272777622839676
1.0,1.084199807804787
