dose,Reff
0.0,1.3000000000000014
0.2,1.1206476298425876
0.4,0.9413175981472985
0.6,0.7620261615876801
0.8,0.5828103710709329
1.0,0.40377678703272174
