dose,Reff
0.0,1.3000000000000014
0.2,1.2557390382221174
0.4,1.2115148378980878
0.6,1.1673318359023344
0.8,1.1231952031525896
1.0,1.0791110005478777
