dose,Reff
0.0,1.3000000000000014
0.2,1.1179999999999997
0.4,0.9359999999999997
0.6,0.754
0.8,0.5719999999999995
1.0,0.38999999999999985
