dose,Reff
0.0,2.0000000000000027
0.2,1.7297662214604714
0.4,1.4599839266585601
0.6,1.19101335971841
0.8,0.9237250751982853
1.0,0.6608224882256097
