dose,Reff
0.0,2.0000000000000027
0.2,1.7200000000000044
0.4,1.4400000000000044
0.6,1.1600000000000008
0.8,0.8800000000000032
1.0,0.6000000000000015
