dose,Reff
0.0,2.0000000000000027
0.2,1.9289109053473337
0.4,1.8578762895771943
0.6,1.7869034101207586
0.8,1.7160008689774187
1.0,1.6451789377470383
