dose,Reff
0.0,2.0000000000000027
0.2,1.9251721119011795
0.4,1.850433744876839
0.6,1.7757969629001125
0.8,1.7012760952791193
1.0,1.6268882931127195
