dose,Reff
0.0,2.6999999999999997
0.2,2.6028278768356308
0.4,2.5057363120326768
0.6,2.408736263172754
0.8,2.3118407684088838
1.0,2.2150654641199337
