dose,Reff
0.0,2.6999999999999997
0.2,2.337031863087703
0.4,1.9747076393058143
0.6,1.6135274897968521
0.8,1.2546738523576486
1.0,0.9016789107501921
