dose,Reff
0.0,2.6999999999999997
0.2,2.5970960083923003
0.4,2.49433590577696
0.6,2.3917398431126484
0.8,2.289331905610804
1.0,2.187141118225967
