dose,Reff
0.0,2.6999999999999997
0.2,2.322
0.4,1.9439999999999986
0.6,1.5659999999999996
0.8,1.1879999999999986
1.0,0.8099999999999983
