dose,Reff
0.0,2.699999999999994
0.2,2.321999999999996
0.4,1.9439999999999955
0.6,1.5659999999999972
0.8,1.1879999999999984
1.0,0.809999999999998
