dose,Reff
0.0,2.699999999999994
0.2,2.32494232564094
0.4,1.949903201069957
0.6,1.5748961935334989
0.8,1.1999523561800718
1.0,0.8251617365006017
