dose,Reff
0.0,2.699999999999994
0.2,2.6065604925611305
0.4,2.5131623643958316
0.6,2.419810567719053
0.8,2.3265108744170986
1.0,2.2332700522285878
