dose,Reff
0.0,2.699999999999994
0.2,2.607696466580027
0.4,2.515427860676027
0.6,2.423198325394313
0.8,2.3310126842908216
1.0,2.238876586683487
