dose,Reff
0.0,2.3000000000000016
0.2,1.9850931905001723
0.4,1.6702523962386118
0.6,1.3555250587054761
0.8,1.0410182427581822
1.0,0.7270344650603785
