dose,Reff
0.0,2.3000000000000016
0.2,2.220190458383694
0.4,2.1404299492084085
0.6,2.0607244346202265
0.8,1.9810808751631737
1.0,1.9015074456993344
