dose,Reff
0.0,2.3000000000000016
0.2,1.978000000000001
0.4,1.656
0.6,1.3339999999999987
0.8,1.0120000000000005
1.0,0.6900000000000006
