dose,Reff
0.0,2.3000000000000016
0.2,2.217460087629214
0.4,2.1349872713820366
0.6,2.0525899764244846
0.8,1.9702780818831844
1.0,1.8880632440357523
