dose,Reff
0.0,1.2710437029999992
0.2,1.0930975845799984
0.4,0.915151466159999
0.6,0.7372053477399984
0.8,0.5592592293200007
1.0,0.38131311090000003
