dose,Reff
0.0,1.2710437029999992
0.2,1.2267665852659226
0.4,1.1825595427315503
0.6,1.1384315978361457
0.8,1.0943933506823116
1.0,1.0504573284051975
