dose,Reff
0.0,1.2710437029999992
0.2,1.0971236235795507
0.4,0.92326496650205
0.6,0.7495127658381158
0.8,0.5759700591719199
1.0,0.4029342824573116
