dose,Reff
0.0,1.2710437029999992
0.2,1.2283157656936565
0.4,1.1856402322415378
0.6,1.1430236292634575
0.8,1.1004735914538657
1.0,1.0579991011372023
