dose,Reff
0.0,2.500000000000001
0.2,2.1588395696084097
0.4,1.8179219329479732
0.6,1.4774320188051258
0.8,1.1378041408754367
1.0,0.8003427931592175
