dose,Reff
0.0,2.500000000000001
0.2,2.4113023572153702
0.4,2.3226884554823006
0.6,2.234168642639808
0.8,2.1457550269624863
1.0,2.057461863764946
