dose,Reff
0.0,2.500000000000001
0.2,2.4147013363675898
0.4,2.3294552894593097
0.6,2.2442682720469582
0.8,2.1591477764759057
1.0,2.0741026101534668
