dose,Reff
0.0,2.500000000000001
0.2,2.150000000000002
0.4,1.7999999999999992
0.6,1.4499999999999997
0.8,1.099999999999997
1.0,0.7499999999999991
