dose,Reff
0.0,2.199999999999997
0.2,2.14287613683927
0.4,2.0860669084249883
0.6,2.0295971798193286
0.8,1.9734938416287473
1.0,1.9177859042727936
