dose,Reff
0.0,2.199999999999997
0.2,2.1437842141538086
0.4,2.087812437520817
0.6,2.0321047683648064
0.8,1.9766831335102906
1.0,1.9215714243283801
