dose,Reff
0.0,2.199999999999997
0.2,1.8962461985747943
0.4,1.5925596323030613
0.6,1.288990442039775
0.8,0.9856549135660826
1.0,0.6828971004771163
