dose,Reff
0.0,2.4999999999999996
0.2,2.150000000000002
0.4,1.7999999999999987
0.6,1.4500000000000028
0.8,1.1
1.0,0.7500000000000009
