dose,Reff
0.0,2.4999999999999996
0.2,2.411543669502712
0.4,2.323153195261458
0.6,2.2348365971258097
0.8,2.1466032345588273
1.0,2.0584640942290906
