dose,Reff
0.0,2.4999999999999996
0.2,2.414127063302206
0.4,2.328304513637645
0.6,2.2425382974058445
0.8,2.156835325043141
1.0,2.071203672308417
