dose,Reff
0.0,2.4999999999999996
0.2,2.15670136355069
0.4,1.813458753328442
0.6,1.4703125088771312
0.8,1.1273538230472793
1.0,0.7848412486535832
