dose,Reff
0.0,2.3000000000000016
0.2,2.220981601744856
0.4,2.142015165004525
0.6,2.063106967204816
0.8,1.9842643293150009
1.0,1.9054958396660286
