dose,Reff
0.0,2.3000000000000016
0.2,1.9848099688194922
0.4,1.669719042052639
0.6,1.3548001249534933
0.8,1.040220496389004
1.0,0.7264656561386389
