dose,Reff
0.0,2.3000000000000016
0.2,2.2183580383747126
0.4,2.1367880810684556
0.6,2.0552990749160593
0.8,1.9739014923526583
1.0,1.8926076658982312
