dose,Reff
0.0,2.7525092030000033
0.2,2.3671579145800057
0.4,1.9818066261600007
0.6,1.596455337740003
0.8,1.2111040493200027
1.0,0.8257527609000007
