dose,Reff
0.0,2.7525092030000033
0.2,2.653627566611515
0.4,2.5548002282842432
0.6,2.4560341528050817
0.8,2.3573375486069805
1.0,2.258720158294956
