dose,Reff
0.0,2.7525092030000033
0.2,2.648128240247539
0.4,2.5438533747535903
0.6,2.4396983136831
0.8,2.3356792190875684
1.0,2.231815280978545
