dose,Reff
0.0,2.7525092030000033
0.2,2.3815728682075563
0.4,2.0113029827324564
0.6,1.6422267561368236
0.8,1.275608195898332
1.0,0.9153114210511522
