dose,Reff
0.0,2.0999999999999974
0.2,2.028697837129387
0.4,1.9574441694605103
0.6,1.8862447053471816
0.8,1.8151060746776317
1.0,1.7440360200897504
