dose,Reff
0.0,2.0999999999999974
0.2,2.0265502901257286
0.4,1.9531672149867445
0.6,1.8798588248369652
0.8,1.8066344993370043
1.0,1.7335052285270027
