dose,Reff
0.0,2.0999999999999974
0.2,1.8115702813860919
0.4,1.5232080200253146
0.6,1.2349625646203224
0.8,0.9469467379750448
1.0,0.6594863141984587
