dose,Reff
0.0,2.0999999999999974
0.2,1.8059999999999978
0.4,1.5119999999999973
0.6,1.2180000000000006
0.8,0.9239999999999995
1.0,0.6300000000000002
