dose,Reff
0.0,2.1999999999999975
0.2,1.8919999999999995
0.4,1.583999999999999
0.6,1.2760000000000002
0.8,0.9680000000000003
1.0,0.6600000000000001
