dose,Reff
0.0,2.1999999999999975
0.2,2.120716206936983
0.4,2.0414780937291677
0.6,1.9622916170057199
0.8,1.8831638126666168
1.0,1.8041030509938765
