dose,Reff
0.0,2.1999999999999975
0.2,2.1164410416261252
0.4,2.0329571729440854
0.6,1.9495583151282485
0.8,1.866256211842015
1.0,1.7830648665432596
