dose,Reff
0.0,2.1999999999999975
0.2,1.903141742786606
0.4,1.6067679201646587
0.6,1.3112600885711014
0.8,1.0175312503739606
1.0,0.7283716289468418
