dose,Reff
0.0,2.599999999999995
0.2,2.5164099938063824
0.4,2.433291575551412
0.6,2.3506867710738093
0.8,2.268641503473176
1.0,2.187205814898867
