dose,Reff
0.0,2.599999999999995
0.2,2.478666666666667
0.4,2.3573333333333357
0.6,2.2359999999999975
0.8,2.114666666666664
1.0,1.9933333333333296
