dose,Reff
0.0,2.599999999999995
0.2,2.235999999999997
0.4,1.8719999999999968
0.6,1.5079999999999965
0.8,1.1439999999999988
1.0,0.7799999999999991
