dose,Reff
0.0,2.599999999999995
0.2,2.3506867710738097
0.4,2.106434040180764
0.6,1.8687112704322617
0.8,1.639327869534554
1.0,1.420337063801774
