dose,Reff
0.0,2.199999999999997
0.2,1.899056365756418
0.4,1.5982503280200036
0.6,1.2976842783734646
0.8,0.9975949270159105
1.0,0.6986768065053669
