dose,Reff
0.0,2.199999999999997
0.2,2.123575413742835
0.4,2.0472430247844646
0.6,1.9710148229365496
0.8,1.894904940747484
1.0,1.818930145582033
