dose,Reff
0.0,2.199999999999997
0.2,1.8920000000000026
0.4,1.5840000000000007
0.6,1.2760000000000002
0.8,0.9679999999999997
1.0,0.659999999999999
