dose,Reff
0.0,2.199999999999997
0.2,2.126293734903328
0.4,2.0526518240453853
0.6,1.979082442136775
0.8,1.905595192954705
1.0,1.8322014311466592
