dose,Reff
0.0,1.3999999999999972
0.2,1.2039999999999977
0.4,1.0079999999999996
0.6,0.8119999999999987
0.8,0.6159999999999992
1.0,0.4199999999999993
