dose,Reff
0.0,1.3999999999999972
0.2,1.207784927931532
0.4,1.0156152267935727
0.6,0.823524090110241
0.8,0.6315874114898578
1.0,0.4400243669148961
