dose,Reff
0.0,1.3999999999999972
0.2,1.3495938319122422
0.4,1.2992301886088398
0.6,1.2489144943074084
0.8,1.198653125776921
1.0,1.1484536282322444
