dose,Reff
0.0,1.3999999999999972
0.2,1.35105379813069
0.4,1.3021399732839152
0.6,1.2532625405295679
0.8,1.2044262017452068
1.0,1.1556364976147406
