dose,Reff
0.0,2.6999999999999975
0.2,2.3220000000000036
0.4,1.9440000000000013
0.6,1.5660000000000007
0.8,1.1880000000000006
1.0,0.81
