dose,Reff
0.0,2.6999999999999975
0.2,2.3293801892894477
0.4,1.9588185575771029
0.6,1.5883568847035656
0.8,1.2180894426018203
1.0,0.8482826909397589
