dose,Reff
0.0,2.6999999999999975
0.2,2.6038522310833643
0.4,2.507789495233305
0.6,2.411822439243184
0.8,2.315963539271344
1.0,2.2202275049715565
