dose,Reff
0.0,2.6999999999999975
0.2,2.606695341744728
0.4,2.5134559969064942
0.6,2.42028991023345
0.8,2.3272063552481894
1.0,2.2342162207105245
