dose,Reff
0.0,2.0999999999999965
0.2,1.814552202471088
0.4,1.5294151677748757
0.6,1.2448316790600749
0.8,0.9613815597869333
1.0,0.6808470852158597
