dose,Reff
0.0,2.0999999999999965
0.2,2.024333398503969
0.4,1.9487224014037436
0.6,1.8731742973426213
0.8,1.7976977008394566
1.0,1.722302866469593
