dose,Reff
0.0,2.0999999999999965
0.2,2.0210438995460938
0.4,1.942171557958587
0.6,1.8633941443895525
0.8,1.784724891399494
1.0,1.7061795906852084
