dose,Reff
0.0,2.0999999999999965
0.2,1.806000000000003
0.4,1.5120000000000016
0.6,1.218000000000003
0.8,0.9240000000000006
1.0,0.6300000000000006
