dose,Reff
0.0,1.6599999999999973
0.2,1.4276000000000009
0.4,1.1951999999999994
0.6,0.9627999999999962
0.8,0.7304000000000004
1.0,0.49800000000000016
