dose,Reff
0.0,1.6599999999999973
0.2,1.6046684497438297
0.4,1.5493948070145556
0.6,1.4941860999278627
0.8,1.4390505214580114
1.0,1.3839976760234587
