dose,Reff
0.0,1.6599999999999973
0.2,1.6033800620767344
0.4,1.5468272139844363
0.6,1.490349813436202
0.8,1.4339576391836615
1.0,1.3776621992920153
