dose,Reff
0.0,1.6599999999999973
0.2,1.4309358677287456
0.4,1.2018989994403266
0.6,0.9729092157226797
0.8,0.7440116572446518
1.0,0.5153359999960362
