dose,Reff
0.0,2.3000000000000016
0.2,1.9826783174011409
0.4,1.6654135148275686
0.6,1.3482476065525357
0.8,1.0312773786667981
1.0,0.7147861461403129
