dose,Reff
0.0,2.3000000000000016
0.2,2.2210491779554014
0.4,2.142136386985322
0.6,2.063266118975088
0.8,1.9844435963102782
1.0,1.9056749252914653
