dose,Reff
0.0,2.3000000000000016
0.2,2.21923986158349
0.4,2.138528130119035
0.6,2.0578706516098633
0.8,1.9772742429923875
1.0,1.896746900052373
