dose,Reff
0.0,2.3000000000000016
0.2,1.9780000000000024
0.4,1.656000000000002
0.6,1.3340000000000007
0.8,1.0120000000000002
1.0,0.6899999999999997
