dose,Reff
0.0,2.499999999999996
0.2,2.4145539527930517
0.4,2.329168872742964
0.6,2.243851983332226
0.8,2.1586116818704735
1.0,2.073457784685674
