dose,Reff
0.0,2.499999999999996
0.2,2.1499999999999995
0.4,1.799999999999998
0.6,1.449999999999998
0.8,1.0999999999999988
1.0,0.7499999999999998
