dose,Reff
0.0,2.499999999999996
0.2,2.412303648204729
0.4,2.324682608343152
0.6,2.2371460026316052
0.8,2.149704466298641
1.0,2.062370469474946
