dose,Reff
0.0,2.499999999999996
0.2,2.1558382715639395
0.4,1.811731728097927
0.6,1.4677204856948676
0.8,1.1238958753808335
1.0,0.7805199706637262
