dose,Reff
0.0,1.3000000000000016
0.2,1.1216322791787074
0.4,0.9432921296152946
0.6,0.764999319334161
0.8,0.5867984012320909
1.0,0.4088150606750057
