dose,Reff
0.0,1.3000000000000016
0.2,1.2537202844501676
0.4,1.2074796808529689
0.6,1.161283081793402
0.8,1.115136220053878
1.0,1.0690458541953167
