dose,Reff
0.0,1.3000000000000016
0.2,1.2551222135089868
0.4,1.2102756721642078
0.6,1.1654641666339707
0.8,1.1206921194774948
1.0,1.0759647208009837
