dose,Reff
0.0,1.3000000000000016
0.2,1.118
0.4,0.9360000000000008
0.6,0.754
0.8,0.5720000000000001
1.0,0.39000000000000046
