dose,Reff
0.0,2.7000000000000055
0.2,2.6042037429595872
0.4,2.5084777688907485
0.6,2.4128314377158397
0.8,2.3172758446947386
1.0,2.2218242407440494
