dose,Reff
0.0,2.7000000000000055
0.2,2.3281388793395905
0.4,1.9563905164594377
0.6,1.5848398842722156
0.8,1.213685544338346
1.0,0.8435222701975278
