dose,Reff
0.0,2.7000000000000055
0.2,2.3220000000000045
0.4,1.9440000000000055
0.6,1.5660000000000007
0.8,1.188000000000002
1.0,0.8100000000000025
