dose,Reff
0.0,2.7000000000000055
0.2,2.6018368824051312
0.4,2.503755412941679
0.6,2.405766669135987
0.8,2.307883823318034
1.0,2.2101226609317073
