dose,Reff
0.0,2.0000000000000018
0.2,1.7257460183616735
0.4,1.4515459828817612
0.6,1.177438790594427
0.8,0.9035124457572289
1.0,0.6300167133975457
