dose,Reff
0.0,2.0000000000000018
0.2,1.7200000000000024
0.4,1.4399999999999995
0.6,1.1600000000000006
0.8,0.8800000000000003
1.0,0.6000000000000001
