dose,Reff
0.0,2.0000000000000018
0.2,1.9291178202777657
0.4,1.858300273399502
0.6,1.787555357770551
0.8,1.716892428340957
1.0,1.646322491945854
