dose,Reff
0.0,2.0000000000000018
0.2,1.9313336033238322
0.4,1.8627164172847146
0.6,1.7941543585108344
0.8,1.7256543204604924
1.0,1.6572243809826621
