dose,Reff
0.0,2.3199999999999985
0.2,2.235812449901945
0.4,2.151678880785256
0.6,2.067606386334623
0.8,1.9836033554752286
1.0,1.8996797809407147
