dose,Reff
0.0,2.3199999999999985
0.2,2.0056955703498978
0.4,1.6918708461699705
0.6,1.3789104942686152
0.8,1.0677489621838943
1.0,0.7613221341142531
