dose,Reff
0.0,2.3199999999999985
0.2,1.9951999999999983
0.4,1.6703999999999966
0.6,1.3456
0.8,1.0207999999999988
1.0,0.6959999999999996
