dose,Reff
0.0,2.3199999999999985
0.2,2.23179070599931
0.4,2.1436648692963063
0.6,2.055633629124754
0.8,1.9677101920795537
1.0,1.879910333306939
