dose,Reff
0.0,2.199999999999994
0.2,2.124401257193084
0.4,2.0488488570871604
0.6,1.973348497810048
0.8,1.8979068455391808
1.0,1.822531747689806
