dose,Reff
0.0,2.199999999999994
0.2,1.9034935481443982
0.4,1.6073722071787089
0.6,1.311925504554879
0.8,1.0178234821848908
1.0,0.7270114547229308
