dose,Reff
0.0,2.199999999999994
0.2,2.1199738357432705
0.4,2.040057141999394
0.6,1.960263468784655
0.8,1.8806086529536796
1.0,1.801111310775315
