dose,Reff
0.0,2.199999999999994
0.2,1.8919999999999992
0.4,1.5839999999999987
0.6,1.2759999999999965
0.8,0.9679999999999996
1.0,0.6599999999999989
