dose,Reff
0.0,1.1199999999999983
0.2,0.9632
0.4,0.8063999999999996
0.6,0.6495999999999997
0.8,0.4928000000000003
1.0,0.3360000000000001
