dose,Reff
0.0,1.1199999999999983
0.2,0.9665198470096863
0.4,0.8130667090217907
0.6,0.6596599499541294
0.8,0.5063431964465881
1.0,0.35323941444212525
