dose,Reff
0.0,1.1199999999999983
0.2,1.0795175944000555
0.4,1.0390654138365245
0.6,0.9986472659790026
0.8,0.9582676176851581
1.0,0.9179317419626521
