dose,Reff
0.0,1.1199999999999983
0.2,1.0807993073406372
0.4,1.0416221636214769
0.6,1.00247142965642
0.8,0.9633504442392495
1.0,0.9242631271142467
