dose,Reff
0.0,1.9000000000000008
0.2,1.8331142159259644
0.4,1.7662780086198204
0.6,1.6994977472217927
0.8,1.6327809338682053
1.0,1.566136465510969
