dose,Reff
0.0,1.9000000000000008
0.2,1.8305454131848098
0.4,1.7611619629631436
0.6,1.6918589692821149
0.8,1.6226474404574245
1.0,1.5535404698567723
