dose,Reff
0.0,1.9000000000000008
0.2,1.640679719158601
0.4,1.3815486512241586
0.6,1.1227521219430872
0.8,0.8646336401238204
1.0,0.6082364767570545
