dose,Reff
0.0,2.3
0.2,2.215857722885222
0.4,2.1318275803700457
0.6,2.04792507171328
0.8,1.9641686742592497
1.0,1.8805805883179352
