dose,Reff
0.0,2.3
0.2,1.9780000000000022
0.4,1.6560000000000008
0.6,1.334000000000001
0.8,1.0120000000000011
1.0,0.6899999999999997
