dose,Reff
0.0,2.3
0.2,2.2189351380784834
0.4,2.1379472213575754
0.6,2.057046740703666
0.8,1.9762461737758465
1.0,1.8955604746322416
