dose,Reff
0.0,2.3
0.2,1.986036181325912
0.4,1.6723588656056705
0.6,1.35919366786991
0.8,1.047083623951627
1.0,0.737725969931307
