dose,Reff
0.0,1.5000000000000022
0.2,1.2899999999999998
0.4,1.0800000000000003
0.6,0.8700000000000018
0.8,0.660000000000001
1.0,0.4500000000000004
