dose,Reff
0.0,1.5000000000000022
0.2,1.2942187757870927
0.4,1.0884787154489273
0.6,0.882809600088965
0.8,0.6772789750720838
1.0,0.47207932988505036
