dose,Reff
0.0,1.5000000000000022
0.2,1.4485407065946583
0.4,1.3971133119507324
0.6,1.3457216087514445
0.8,1.2943700094732704
1.0,1.2430636769026808
