dose,Reff
0.0,1.5000000000000022
0.2,1.446912635677466
0.4,1.3938666061252145
0.6,1.3408669803866535
0.8,1.2879196806314739
1.0,1.2350316668039583
