dose,Reff
0.0,2.0000000000000018
0.2,1.720000000000003
0.4,1.4400000000000008
0.6,1.16
0.8,0.8800000000000016
1.0,0.6000000000000015
