dose,Reff
0.0,2.0000000000000018
0.2,1.929787660942066
0.4,1.8596234457033765
0.6,1.789513322867453
0.8,1.719464279869043
1.0,1.6494845474124424
