dose,Reff
0.0,2.0000000000000018
0.2,1.9276366091450545
0.4,1.855335771461581
0.6,1.7831054573563936
0.8,1.7109550327529062
1.0,1.6388955736908597
