dose,Reff
0.0,2.0000000000000018
0.2,1.725586636426073
0.4,1.4512244077607241
0.6,1.176950199497373
0.8,0.9028474966193056
1.0,0.6291534207798612
