dose,Reff
0.0,2.2000000000000015
0.2,2.1009671669730765
0.4,2.0019519984595604
0.6,1.9029573924998964
0.8,1.8039869159227901
1.0,1.7050450084489808
