dose,Reff
0.0,2.2000000000000015
0.2,2.0973333333333364
0.4,1.9946666666666648
0.6,1.8920000000000043
0.8,1.7893333333333339
1.0,1.6866666666666699
