dose,Reff
0.0,2.2000000000000015
0.2,1.9029573924998937
0.4,1.6061372661201607
0.6,1.309702106649862
0.8,1.0140215775039003
1.0,0.7201473887304961
