dose,Reff
0.0,1.7999999999999996
0.2,1.547999999999998
0.4,1.2959999999999992
0.6,1.0439999999999987
0.8,0.7919999999999994
1.0,0.5399999999999997
