dose,Reff
0.0,1.7999999999999996
0.2,1.7346346601920983
0.4,1.6693108377465338
0.6,1.6040340899657077
0.8,1.5388110099916412
1.0,1.4736494792409747
