dose,Reff
0.0,1.7999999999999996
0.2,1.7304124969389578
0.4,1.660894876817988
0.6,1.5914567063359737
0.8,1.5221093818296505
1.0,1.452866588882925
