dose,Reff
0.0,1.7999999999999996
0.2,1.55900133540934
0.4,1.318497594817682
0.6,1.0788759913026926
0.8,0.8410552575052644
1.0,0.6077851190572249
