dose,Reff
0.0,2.1463022879999962
0.2,1.847463217376189
0.4,1.5486520678375213
0.6,1.249890190094409
0.8,0.9512281170875806
1.0,0.6528211021348129
