dose,Reff
0.0,2.1463022879999962
0.2,1.8458199676799998
0.4,1.5453376473600036
0.6,1.2448553270400002
0.8,0.9443730067200001
1.0,0.6438906864000002
