dose,Reff
0.0,2.1463022879999962
0.2,2.07200768020347
0.4,1.9977699956581527
0.6,1.9235962652886047
0.8,1.8494947164056763
1.0,1.7754750356082378
