dose,Reff
0.0,2.1463022879999962
0.2,2.072643352657125
0.4,1.9990353430203704
0.6,1.9254845206380709
0.8,1.8519982084533417
1.0,1.778585023363024
