dose,Reff
0.0,1.8385120649999993
0.2,1.7740225523651127
0.4,1.7095744905254542
0.6,1.6451731462171821
0.8,1.5808247132169084
1.0,1.5165365244598439
