dose,Reff
0.0,1.8385120649999993
0.2,1.772739847309095
0.4,1.7070178201195352
0.6,1.6413524472736283
0.8,1.5757513450827159
1.0,1.5102235492333698
