dose,Reff
0.0,1.8385120649999993
0.2,1.5811203758999968
0.4,1.3237286867999989
0.6,1.0663369976999992
0.8,0.8089453085999996
1.0,0.5515536194999999
