dose,Reff
0.0,1.8385120649999993
0.2,1.5844523582248502
0.4,1.3304541594949841
0.6,1.0765640349946968
0.8,0.8228912320657019
1.0,0.5697655420968328
