dose,Reff
0.0,1.8000000000000005
0.2,1.736752507980058
0.4,1.6735630116233349
0.6,1.6104387967277822
0.8,1.5473884036638244
1.0,1.4844219046532414
