dose,Reff
0.0,1.8000000000000005
0.2,1.5536557913504154
0.4,1.307343877508147
0.6,1.0610870844894
0.8,0.8149363324310901
1.0,0.5690328498938708
