dose,Reff
0.0,1.8000000000000005
0.2,1.7389416595495415
0.4,1.6779308095489731
0.6,1.616973164615851
0.8,1.556075382208117
1.0,1.4952452624297856
