dose,Reff
0.0,1.8000000000000005
0.2,1.5479999999999985
0.4,1.2960000000000012
0.6,1.0440000000000005
0.8,0.7920000000000005
1.0,0.5399999999999997
