dose,Reff
0.0,2.2999999999999967
0.2,2.21719533068858
0.4,2.1344477580169627
0.6,2.0517646368840206
0.8,1.9691546348072906
1.0,1.8866280365482297
