dose,Reff
0.0,2.2999999999999967
0.2,1.9779999999999982
0.4,1.6559999999999981
0.6,1.333999999999999
0.8,1.012
1.0,0.6899999999999994
