dose,Reff
0.0,2.2999999999999967
0.2,2.213829427792197
0.4,2.1277530922760866
0.6,2.0417832837203544
0.8,1.9559345052464496
1.0,1.8702239887987082
