dose,Reff
0.0,2.2999999999999967
0.2,1.9868097046691093
0.4,1.673976964630132
0.6,1.361787154579298
0.8,1.0509332820764314
1.0,0.7436070181147072
