dose,Reff
0.0,1.999999999999996
0.2,1.9301230003297025
0.4,1.8603026530922164
0.6,1.7905462775307575
0.8,1.720862498972137
1.0,1.6512615505714805
