dose,Reff
0.0,1.999999999999996
0.2,1.72661637337273
0.4,1.453335378321734
0.6,1.1802323192924362
0.8,0.9074795657445518
1.0,0.6355749353164414
