dose,Reff
0.0,1.999999999999996
0.2,1.9275774354550308
0.4,1.8552372102974217
0.6,1.7829902739992656
0.8,1.710849580144324
1.0,1.6388305592392727
