dose,Reff
0.0,1.9000000000000012
0.2,1.8330119658531254
0.4,1.7660953211068526
0.6,1.6992589047923208
0.8,1.6325130527729697
1.0,1.5658699222730874
