dose,Reff
0.0,1.9000000000000012
0.2,1.6401408921414096
0.4,1.3803961351178593
0.6,1.1208507399353838
0.8,0.8617011221331456
1.0,0.6035231692351968
