dose,Reff
0.0,1.9000000000000012
0.2,1.634
0.4,1.3680000000000012
0.6,1.1020000000000025
0.8,0.8360000000000005
1.0,0.5699999999999995
