dose,Reff
0.0,1.9000000000000012
0.2,1.8353786561931758
0.4,1.7708068695788943
0.6,1.7062906127362294
0.8,1.6418368466141193
1.0,1.5774537309904422
