dose,Reff
0.0,2.789999999999998
0.2,2.40733846953473
0.4,2.024799383465834
0.6,1.642473428703211
0.8,1.260569743737312
1.0,0.8797006282139439
