dose,Reff
0.0,2.789999999999998
0.2,2.68795417315359
0.4,2.5859745275856327
0.6,2.484069450195657
0.8,2.382248793753165
1.0,2.2805242083149695
