dose,Reff
0.0,2.789999999999998
0.2,2.691012476723689
0.4,2.5920728052281614
0.6,2.4931868709682585
0.8,2.3943615591120846
1.0,2.2956049745980263
