dose,Reff
0.0,2.789999999999998
0.2,2.3993999999999978
0.4,2.008800000000001
0.6,1.6181999999999985
0.8,1.2275999999999998
1.0,0.837
