dose,Reff
0.0,2.3000000000000016
0.2,2.2170957456609575
0.4,2.1342360559760944
0.6,2.051426634105124
0.8,1.9686741983047829
1.0,1.8859867180833048
