dose,Reff
0.0,2.3000000000000016
0.2,1.9779999999999966
0.4,1.6560000000000006
0.6,1.3339999999999974
0.8,1.011999999999997
1.0,0.6899999999999985
