dose,Reff
0.0,2.3000000000000016
0.2,2.2129547904468168
0.4,2.1259923661470874
0.6,2.039123472928427
0.8,1.9523607883090888
1.0,1.8657193734063369
