dose,Reff
0.0,2.3000000000000016
0.2,1.988865525408378
0.4,1.6781693204232475
0.6,1.3682540521566602
0.8,1.0599364560717452
1.0,0.75570522670466
