dose,Reff
0.0,2.039999999999997
0.2,1.7544000000000022
0.4,1.4688000000000008
0.6,1.1831999999999985
0.8,0.8976000000000007
1.0,0.6119999999999999
