dose,Reff
0.0,2.039999999999997
0.2,1.9685524162166148
0.4,1.8971723318555502
0.6,1.825867966279767
0.8,1.7546489060710921
1.0,1.683526395825654
