dose,Reff
0.0,2.039999999999997
0.2,1.9706140551124731
0.4,1.9012801665713501
0.6,1.8320044828545028
0.8,1.7627941467647217
1.0,1.69365750168132
