dose,Reff
0.0,2.039999999999997
0.2,1.7597520327340024
0.4,1.4795511569131294
0.6,1.1994313298970531
0.8,0.9194693973986701
1.0,0.6398836020295343
