dose,Reff
0.0,1.7999999999999987
0.2,1.5562956673864532
0.4,1.312883377546874
0.6,1.0699887630506468
0.8,0.8281456016740144
1.0,0.588965470928871
