dose,Reff
0.0,1.7999999999999987
0.2,1.5479999999999972
0.4,1.296000000000001
0.6,1.043999999999998
0.8,0.7919999999999993
1.0,0.5399999999999987
