dose,Reff
0.0,1.7999999999999987
0.2,1.7364572039321124
0.4,1.6729607112615152
0.6,1.6095164154016441
0.8,1.5461312476705427
1.0,1.4828134145976137
