dose,Reff
0.0,1.7999999999999987
0.2,1.733276300304615
0.4,1.666627528184615
0.6,1.6000634690283944
0.8,1.5335956717669514
1.0,1.4672378602020744
