dose,Reff
0.0,2.0000000000000013
0.2,1.930580801769871
0.4,1.861209934821595
0.6,1.791893369161111
0.8,1.7226380909460426
1.0,1.6534523259555685
