dose,Reff
0.0,2.0000000000000013
0.2,1.9288089908783703
0.4,1.8576760657746707
0.6,1.786608549419657
0.8,1.7156150390281053
1.0,1.6447056897912486
