dose,Reff
0.0,2.0000000000000013
0.2,1.720000000000001
0.4,1.4400000000000013
0.6,1.1599999999999986
0.8,0.8800000000000012
1.0,0.5999999999999999
