dose,Reff
0.0,2.0000000000000013
0.2,1.7245803438745861
0.4,1.4492522356776587
0.6,1.1740849061142917
0.8,0.8992405234468008
1.0,0.6252066745936593
