dose,Reff
0.0,2.9000000000000004
0.2,2.493999999999999
0.4,2.0880000000000027
0.6,1.682
0.8,1.2760000000000018
1.0,0.8700000000000002
