dose,Reff
0.0,2.9000000000000004
0.2,2.798340944332292
0.4,2.696769946097219
0.6,2.5952976280297255
0.8,2.4939363656206073
1.0,2.3927006575583056
