dose,Reff
0.0,2.9000000000000004
0.2,2.8015967266957706
0.4,2.703260246269683
0.6,2.6049983589128463
0.8,2.506820113428797
1.0,2.408736063979384
