dose,Reff
0.0,2.9000000000000004
0.2,2.5024396337676906
0.4,2.1049401075896417
0.6,1.707544822516804
0.8,1.3103512353559577
1.0,0.9136325766991196
