dose,Reff
0.0,2.299999999999999
0.2,1.978
0.4,1.6559999999999975
0.6,1.3339999999999979
0.8,1.012
1.0,0.6899999999999997
