dose,Reff
0.0,2.299999999999999
0.2,1.987980288141165
0.4,1.6763737913125647
0.6,1.365502973911287
0.8,1.056134586792704
1.0,0.7505917780794437
