dose,Reff
0.0,2.299999999999999
0.2,2.234715345932255
0.4,2.1698101037109865
0.6,2.105317317814959
0.8,2.04127316487138
1.0,1.9777171787247525
