dose,Reff
0.0,2.299999999999999
0.2,2.2371189581041526
0.4,2.174426592039146
0.6,2.111942532856371
0.8,2.049688928168558
1.0,1.9876907985001928
