dose,Reff
0.0,2.690000000000005
0.2,2.3194877336755373
0.4,1.9490480449537972
0.6,1.5787342753093563
0.8,1.2086688310949958
1.0,0.83920758499005
