dose,Reff
0.0,2.690000000000005
0.2,2.5961588883801534
0.4,2.502400335512988
0.6,2.4087344098225656
0.8,2.3151728629944635
1.0,2.2217294914037913
