dose,Reff
0.0,2.690000000000005
0.2,2.5985065350323477
0.4,2.507077132812048
0.6,2.415719441675275
0.8,2.3244423647372803
1.0,2.2332563250860855
