dose,Reff
0.0,2.690000000000005
0.2,2.313400000000005
0.4,1.936800000000005
0.6,1.5602000000000023
0.8,1.1836000000000049
1.0,0.8070000000000016
