dose,Reff
0.0,2.000000000000001
0.2,1.9273769303159367
0.4,1.8548154120306988
0.6,1.782323281664929
0.8,1.7099097496204088
1.0,1.6375857113036623
