dose,Reff
0.0,2.000000000000001
0.2,1.7303954178587113
0.4,1.461558595073162
0.6,1.1941686052955778
0.8,0.9299944422535394
1.0,0.675127989041999
