dose,Reff
0.0,2.000000000000001
0.2,1.9234375457861104
0.4,1.846994416808896
0.6,1.7706858717945941
0.8,1.6945298443154262
1.0,1.618547544950884
