dose,Reff
0.0,2.000000000000001
0.2,1.7199999999999995
0.4,1.44
0.6,1.160000000000001
0.8,0.8799999999999997
1.0,0.6000000000000005
