dose,Reff
0.0,2.1000000000000023
0.2,1.8060000000000032
0.4,1.5120000000000022
0.6,1.2180000000000024
0.8,0.924000000000001
1.0,0.6299999999999997
