dose,Reff
0.0,2.1000000000000023
0.2,2.0294789105810214
0.4,1.9590157274071776
0.6,1.8886174926999617
0.8,1.8182924265301614
1.0,1.7480501806592694
