dose,Reff
0.0,2.1000000000000023
0.2,1.81402221659949
0.4,1.5282336255997642
0.6,1.2427758150922672
0.8,0.957977012577996
1.0,0.6748020668361578
