dose,Reff
0.0,2.1000000000000023
0.2,2.026392972915716
0.4,1.9528754737341796
0.6,1.8794586748314939
0.8,1.8061556583033331
1.0,1.7329818344533798
