dose,Reff
0.0,3.199999999999998
0.2,3.086979551672405
0.4,2.97405364982849
0.6,2.861234613656235
0.8,2.7485369822327947
1.0,2.635978033155233
