dose,Reff
0.0,3.199999999999998
0.2,3.089316035172236
0.4,2.978715494984889
0.6,2.8682090088786234
0.8,2.7578090781606166
1.0,2.647530503138804
