dose,Reff
0.0,3.199999999999998
0.2,2.7519999999999976
0.4,2.303999999999996
0.6,1.8560000000000012
0.8,1.408
1.0,0.9599999999999991
