dose,Reff
0.0,3.199999999999998
0.2,2.758043699443719
0.4,2.3161613458465413
0.6,1.8744076391580642
0.8,1.432908737942988
1.0,0.9920347533387062
