dose,Reff
0.0,3.399999999999998
0.2,3.2669654904423715
0.4,3.134279808420028
0.6,3.0019839194681524
0.8,2.870125037396515
1.0,2.7387577629886195
