dose,Reff
0.0,3.399999999999998
0.2,2.9239999999999977
0.4,2.447999999999998
0.6,1.971999999999996
0.8,1.4959999999999998
1.0,1.019999999999999
