dose,Reff
0.0,3.399999999999998
0.2,3.291022605188222
0.4,3.18206637709679
0.6,3.0731335554933428
0.8,2.964226706398768
1.0,2.8553487834695748
