dose,Reff
0.0,3.399999999999998
0.2,2.9851514438189604
0.4,2.573619075505579
0.6,2.1675950739213206
0.8,1.7714846047986208
1.0,1.3948298854713452
