dose,Reff
0.0,1.999999999999997
0.2,1.7260165939836236
0.4,1.4521544622577058
0.6,1.1785045191757495
0.8,0.9052781486726902
1.0,0.6331018595244039
