dose,Reff
0.0,1.999999999999997
0.2,1.7200000000000024
0.4,1.4400000000000013
0.6,1.1600000000000006
0.8,0.8799999999999992
1.0,0.6000000000000006
