dose,Reff
0.0,1.999999999999997
0.2,1.9286064338599151
0.4,1.857288418424086
0.6,1.7860559212988742
0.8,1.7149207257347756
1.0,1.6438968583336395
