dose,Reff
0.0,1.999999999999997
0.2,1.9309249171536402
0.4,1.861907807847483
0.6,1.7929561364704163
0.8,1.7240786940566266
1.0,1.6552859032257556
