dose,Reff
0.0,3.299999999999999
0.2,2.837999999999989
0.4,2.375999999999999
0.6,1.9139999999999995
0.8,1.4519999999999986
1.0,0.9899999999999989
