dose,Reff
0.0,3.299999999999999
0.2,2.8532477497712168
0.4,2.406912747452359
0.6,1.9613088082652739
0.8,1.5171647491729867
1.0,1.0766218881220528
