dose,Reff
0.0,3.299999999999999
0.2,3.175498580668462
0.4,3.0511002618909737
0.6,2.926818601347848
0.8,2.8026696224079766
1.0,2.678672396108982
