dose,Reff
0.0,3.299999999999999
0.2,3.1813582625759205
0.4,3.0627794246780775
0.6,2.944271515766885
0.8,2.825843986281856
1.0,2.707508034917353
