dose,Reff
0.0,2.0499999999999994
0.2,1.9790733957332531
0.4,1.9082205052008985
0.6,1.8374509406555584
0.8,1.7667760411247355
1.0,1.6962092724482396
