dose,Reff
0.0,2.0499999999999994
0.2,1.9750979252467593
0.4,1.9003102568189003
0.6,1.8256525707946487
0.8,1.7511433606451043
1.0,1.6768047401346424
