dose,Reff
0.0,2.0499999999999994
0.2,1.7733468213685615
0.4,1.4970005804659596
0.6,1.2211920126370261
0.8,0.9464560500225696
1.0,0.6743557112664442
