dose,Reff
0.0,2.0499999999999994
0.2,1.7630000000000012
0.4,1.4760000000000004
0.6,1.1890000000000027
0.8,0.9020000000000006
1.0,0.615
