dose,Reff
0.0,2.700000000000002
0.2,2.604690607125001
0.4,2.509432603176016
0.6,2.414232566062198
0.8,2.3190982421844777
1.0,2.224038816792747
