dose,Reff
0.0,2.700000000000002
0.2,2.322000000000004
0.4,1.944000000000001
0.6,1.566000000000002
0.8,1.188000000000001
1.0,0.8100000000000018
