dose,Reff
0.0,2.700000000000002
0.2,2.59949862915673
0.4,2.499122799473527
0.6,2.398888471602897
0.8,2.2988144019194268
1.0,2.198922775267223
