dose,Reff
0.0,2.700000000000002
0.2,2.3355655861498716
0.4,1.9717942338087924
0.6,1.60921175348612
0.8,1.2490805183691813
1.0,0.8952646470038519
