dose,Reff
0.0,2.5000000000000018
0.2,2.4135255132102005
0.4,2.3271450832452354
0.6,2.240871184587431
0.8,2.1547185696810134
1.0,2.068704804667115
