dose,Reff
0.0,2.5000000000000018
0.2,2.410296163892182
0.4,2.320719186501557
0.6,2.2312864032512527
0.8,2.1420184091721155
1.0,2.0529398470049083
