dose,Reff
0.0,2.5000000000000018
0.2,2.15839019293688
0.4,1.8169719289139479
0.6,1.475889801603574
0.8,1.135481511921273
1.0,0.7967541376415463
