dose,Reff
0.0,2.5000000000000018
0.2,2.1500000000000026
0.4,1.8000000000000007
0.6,1.4500000000000013
0.8,1.0999999999999988
1.0,0.7499999999999996
