dose,Reff
0.0,2.1799243600000024
0.2,2.1014991406497785
0.4,2.0231462306001315
0.6,1.944874636605638
0.8,1.8666949000480604
1.0,1.7886194318032222
