dose,Reff
0.0,2.1799243600000024
0.2,1.8747349496000014
0.4,1.5695455392000013
0.6,1.264356128800001
0.8,0.9591667184000016
1.0,0.6539773080000008
