dose,Reff
0.0,2.1799243600000024
0.2,1.8817331777117354
0.4,1.583635426287881
0.6,1.2856992444394857
0.8,0.988079969183455
1.0,0.6912235182508422
