dose,Reff
0.0,2.1799243600000024
0.2,2.1041919319767644
0.4,2.028509605508686
0.6,1.9528834042087544
0.8,1.877320345728496
1.0,1.8018286527829446
