dose,Reff
0.0,2.2999999999999994
0.2,2.220218560425046
0.4,2.1405009794067804
0.6,2.0608550699004
0.8,1.9812899598234788
1.0,1.9018163774482009
