dose,Reff
0.0,2.2999999999999994
0.2,1.9779999999999958
0.4,1.6559999999999968
0.6,1.3339999999999972
0.8,1.0119999999999987
1.0,0.6899999999999993
