dose,Reff
0.0,2.2999999999999994
0.2,2.2186856000109683
0.4,2.137458229714521
0.6,2.056328441232616
0.8,1.9753085426596435
1.0,1.8944129737729465
