dose,Reff
0.0,2.2999999999999994
0.2,1.9820227129929302
0.4,1.664233854656745
0.6,1.3467912555462402
0.8,1.0300953035379021
1.0,0.7155292940219725
