dose,Reff
0.0,1.8300000000000014
0.2,1.764299172605086
0.4,1.6986398189006429
0.6,1.63302732499261
0.8,1.567468049020942
1.0,1.5019695500981087
