dose,Reff
0.0,1.8300000000000014
0.2,1.7610299791263626
0.4,1.6921275278109873
0.6,1.6233016110075964
0.8,1.5545628432886673
1.0,1.4859238842367413
