dose,Reff
0.0,1.8300000000000014
0.2,1.5823287705299744
0.4,1.3349489915301267
0.6,1.088085231047463
0.8,0.8422678022761808
1.0,0.5990938753144622
