dose,Reff
0.0,1.8300000000000014
0.2,1.5737999999999994
0.4,1.3175999999999999
0.6,1.0614000000000021
0.8,0.8052
1.0,0.5490000000000017
