dose,Reff
0.0,2.0999999999999996
0.2,2.027768500070579
0.4,1.9555832377241111
0.6,1.88344983720795
0.8,1.8113748665218796
1.0,1.7393660423523365
