dose,Reff
0.0,2.0999999999999996
0.2,1.810768047569443
0.4,1.5216286467751643
0.6,1.232651698131455
0.8,0.9440007987547322
1.0,0.6561672100000353
