dose,Reff
0.0,2.0999999999999996
0.2,2.0259323556905082
0.4,1.9519258693442252
0.6,1.8779880946710708
0.8,1.8041278695656526
1.0,1.7303555978806844
