dose,Reff
0.0,2.0999999999999996
0.2,1.8059999999999983
0.4,1.5119999999999987
0.6,1.2180000000000026
0.8,0.9239999999999997
1.0,0.6299999999999997
