dose,Reff
0.0,2.6099999999999977
0.2,2.244599999999997
0.4,1.8791999999999995
0.6,1.5138000000000003
0.8,1.148399999999999
1.0,0.7829999999999998
