dose,Reff
0.0,2.6099999999999977
0.2,2.5138764485592704
0.4,2.417894670978656
0.6,2.322073770766659
0.8,2.2264364116548157
1.0,2.1310096771369555
