dose,Reff
0.0,2.6099999999999977
0.2,2.2545523799597467
0.4,1.8995262671871174
0.6,1.5452602416776522
0.8,1.1925804479468272
1.0,0.8441194993148905
