dose,Reff
0.0,2.6099999999999977
0.2,2.517673138274004
0.4,2.4254362146995025
0.6,2.333301234382717
0.8,2.241282423868829
1.0,2.1493967652369195
