dose,Reff
0.0,2.300000000000002
0.2,2.221005557990004
0.4,2.1420505648600305
0.6,2.0631398122713356
0.8,1.9842788956640147
1.0,1.9054743889482397
