dose,Reff
0.0,2.300000000000002
0.2,1.9780000000000006
0.4,1.6560000000000032
0.6,1.3340000000000019
0.8,1.0120000000000013
1.0,0.6900000000000013
