dose,Reff
0.0,2.300000000000002
0.2,2.2140383340966734
0.4,2.1282220074275564
0.6,2.0425690075304748
0.8,1.9571003246909355
1.0,1.871840583016692
