dose,Reff
0.0,2.300000000000002
0.2,1.9961150903115685
0.4,1.6929087478004554
0.6,1.3908775305329917
0.8,1.091139147886434
1.0,0.7967525280759336
