dose,Reff
0.0,1.4717173429999995
0.2,1.427480176321267
0.4,1.3833300436241158
0.6,1.3392756142431077
0.8,1.2953266799813379
1.0,1.2514943289433045
