dose,Reff
0.0,1.4717173429999995
0.2,1.2656769149800002
0.4,1.059636486960001
0.6,0.8535960589400008
0.8,0.647555630920001
1.0,0.4415152029
