dose,Reff
0.0,1.4717173429999995
0.2,1.266930931761223
0.4,1.0621570499812139
0.6,0.8574049930674283
0.8,0.6526962614774939
1.0,0.4480943237643134
