dose,Reff
0.0,1.4717173429999995
0.2,1.4279592717824432
0.4,1.3842752467494326
0.6,1.3406726975030148
0.8,1.2971600306302709
1.0,1.2537467853048727
