dose,Reff
0.0,2.0999999999999988
0.2,1.8059999999999998
0.4,1.5120000000000013
0.6,1.2180000000000004
0.8,0.9240000000000004
1.0,0.630000000000001
