dose,Reff
0.0,2.0999999999999988
0.2,1.812028170174258
0.4,1.524154373137348
0.6,1.2364511943840215
0.8,0.9490859538262882
1.0,0.6625479537218372
