dose,Reff
0.0,2.0999999999999988
0.2,2.0281515705708815
0.4,1.9563660597501522
0.6,1.884651206631184
0.8,1.813016057606693
1.0,1.7414712504817045
