dose,Reff
0.0,2.0999999999999988
0.2,2.025832360394258
0.4,1.951751986349359
0.6,1.877769900302978
0.8,1.80389902872363
1.0,1.7301546230195919
