dose,Reff
0.0,3.3999999999999995
0.2,3.2730915623768317
0.4,3.146331772769485
0.6,3.0197408019667087
0.8,2.8933426448026056
1.0,2.7671660714371504
