dose,Reff
0.0,3.3999999999999995
0.2,2.9240000000000035
0.4,2.447999999999998
0.6,1.9719999999999978
0.8,1.495999999999999
1.0,1.02
