dose,Reff
0.0,3.3999999999999995
0.2,2.9364827678299252
0.4,2.4735805864989007
0.6,2.0117993772383103
0.8,1.5523957528995682
1.0,1.099488697666323
