dose,Reff
0.0,3.3999999999999995
0.2,3.277865105652166
0.4,3.1558320761872167
0.6,3.03391468873192
0.8,2.9121293170620475
1.0,2.7904955716896147
