dose,Reff
0.0,2.1999999999999984
0.2,2.1201352381324483
0.4,2.040316721803723
0.6,1.9605505966124945
0.8,1.8808441479452858
1.0,1.8012060781974066
