dose,Reff
0.0,2.1999999999999984
0.2,1.9023593131870369
0.4,1.6051950139081084
0.6,1.308888934381121
0.8,1.014367844986048
1.0,0.7245360157215757
