dose,Reff
0.0,2.1999999999999984
0.2,1.8920000000000012
0.4,1.5839999999999996
0.6,1.2759999999999985
0.8,0.9680000000000016
1.0,0.6600000000000015
