dose,Reff
0.0,2.1999999999999984
0.2,2.1161694749960884
0.4,2.032417875633978
0.6,1.9487557395931514
0.8,1.8651955694700968
1.0,1.7817523141435874
