dose,Reff
0.0,2.6000000000000014
0.2,2.5121728791409823
0.4,2.4244247945407866
0.6,2.3367654838467713
0.8,2.2492063341184902
1.0,2.161760741670678
