dose,Reff
0.0,2.6000000000000014
0.2,2.2360000000000024
0.4,1.8719999999999988
0.6,1.5080000000000011
0.8,1.143999999999999
1.0,0.7800000000000005
