dose,Reff
0.0,2.6000000000000014
0.2,2.241737411713998
0.4,1.8835252539625806
0.6,1.5254001684233738
0.8,1.1674455574989617
1.0,0.8099007142992709
