dose,Reff
0.0,2.6000000000000014
0.2,2.509956372420706
0.4,2.420006132433429
0.6,2.3301610945203977
0.8,2.240435126659136
1.0,2.1508446095976725
