dose,Reff
0.0,1.5600000000000007
0.2,1.3416000000000017
0.4,1.1232000000000004
0.6,0.9048
0.8,0.6864000000000003
1.0,0.4680000000000002
