dose,Reff
0.0,1.5600000000000007
0.2,1.5042208577541973
0.4,1.448487108427837
0.6,1.3928044197442682
0.8,1.337179431718063
1.0,1.2816199714363217
