dose,Reff
0.0,1.5600000000000007
0.2,1.3457965377756875
0.4,1.1316267866695076
0.6,0.917514995582138
0.8,0.7035159462452409
1.0,0.4897847984954101
