dose,Reff
0.0,1.5600000000000007
0.2,1.505836441019563
0.4,1.4517081694231755
0.6,1.3976194674390312
0.8,1.3435753323589157
1.0,1.2895816306025
