dose,Reff
0.0,1.659999999999997
0.2,1.427599999999998
0.4,1.1951999999999983
0.6,0.9627999999999999
0.8,0.7303999999999994
1.0,0.49799999999999933
