dose,Reff
0.0,1.659999999999997
0.2,1.6011067146014069
0.4,1.542259462557618
0.6,1.4834639004337808
0.8,1.4247266392275797
1.0,1.36605545161445
