dose,Reff
0.0,1.659999999999997
0.2,1.602864132341402
0.4,1.5457622553629626
0.6,1.4886984315161897
0.8,1.4316773914513825
1.0,1.3747046758637684
