dose,Reff
0.0,1.659999999999997
0.2,1.432159471476899
0.4,1.20437954141902
0.6,0.9767046914062907
0.8,0.749236851707983
1.0,0.5222713899608193
