dose,Reff
0.0,1.8999999999999981
0.2,1.8372203603351471
0.4,1.7744767880277919
0.6,1.7117734151725668
0.8,1.6491150239747536
1.0,1.5865071784332034
