dose,Reff
0.0,1.8999999999999981
0.2,1.6339999999999992
0.4,1.3679999999999986
0.6,1.1019999999999994
0.8,0.8359999999999992
1.0,0.5699999999999988
