dose,Reff
0.0,1.8999999999999981
0.2,1.8351231232778722
0.4,1.7702922813831563
0.6,1.705512959671813
0.8,1.6407915401680309
1.0,1.5761354899905622
