dose,Reff
0.0,1.8999999999999981
0.2,1.639410915133004
0.4,1.378858316464738
0.6,1.11836822613457
0.8,0.857999072111313
1.0,0.5979146647446684
