dose,Reff
0.0,2.0999999999999983
0.2,1.8059999999999996
0.4,1.5119999999999993
0.6,1.2180000000000002
0.8,0.9240000000000013
1.0,0.63
