dose,Reff
0.0,2.0999999999999983
0.2,2.0258524424742355
0.4,1.951790937082939
0.6,1.8778264959755928
0.8,1.8039720657248521
1.0,1.7302429640029486
