dose,Reff
0.0,2.0999999999999983
0.2,1.8123053765617052
0.4,1.5247260565054952
0.6,1.2373478891299794
0.8,0.9503695133729193
1.0,0.6643751009034564
