dose,Reff
0.0,2.0999999999999983
0.2,2.028280322003466
0.4,1.956623368471107
0.6,1.885036974411722
0.8,1.8135303218485777
1.0,1.742114238442096
