dose,Reff
0.0,1.9999999999999973
0.2,1.719999999999998
0.4,1.4399999999999968
0.6,1.1600000000000001
0.8,0.879999999999999
1.0,0.5999999999999992
