dose,Reff
0.0,1.9999999999999973
0.2,1.7268314297265723
0.4,1.4538254304266318
0.6,1.181104845361525
0.8,0.9089567089286755
1.0,0.6382372180485208
