dose,Reff
0.0,1.9999999999999973
0.2,1.927763748298919
0.4,1.8555958032740905
0.6,1.7835048695057905
0.8,1.7115011817281773
1.0,1.63959685284486
