dose,Reff
0.0,1.9999999999999973
0.2,1.9303916432799142
0.4,1.860829071559106
0.6,1.7913180065007237
0.8,1.7218651588868075
1.0,1.65247845057067
