dose,Reff
0.0,2.549999999999997
0.2,2.455305066689872
0.4,2.3607067873289074
0.6,2.2662172011903055
0.8,2.1718504213344234
1.0,2.0776230987494735
