dose,Reff
0.0,2.549999999999997
0.2,2.1929999999999996
0.4,1.8360000000000012
0.6,1.4790000000000005
0.8,1.1219999999999994
1.0,0.7650000000000003
