dose,Reff
0.0,2.549999999999997
0.2,2.46007181778182
0.4,2.3701932572440496
0.6,2.28037054187465
0.8,2.190610978488108
1.0,2.100923203045454
