dose,Reff
0.0,2.549999999999997
0.2,2.2054539581130985
0.4,1.8615304880516703
0.6,1.5187327937689923
0.8,1.1782879741738703
1.0,0.844055965532398
