dose,Reff
0.0,2.0999999999999983
0.2,2.0232785451948505
0.4,1.946659857946918
0.6,1.8701556376204782
0.8,1.7937794073181077
1.0,1.7175468797323994
