dose,Reff
0.0,2.0999999999999983
0.2,1.8149126926927415
0.4,1.5305031088002936
0.6,1.24736621125338
0.8,0.9670448077598099
1.0,0.6948475514977375
