dose,Reff
0.0,2.0999999999999983
0.2,2.026653197524163
0.4,1.9533472647835852
0.6,1.8800871871645635
0.8,1.8068787912486701
1.0,1.7337289290971505
