dose,Reff
0.0,2.0999999999999983
0.2,1.8059999999999987
0.4,1.5119999999999991
0.6,1.2179999999999984
0.8,0.9240000000000002
1.0,0.6299999999999986
