dose,Reff
0.0,2.0999999999999988
0.2,2.030380679678462
0.4,1.9608091761719892
0.6,1.8912909972521912
0.8,1.8218325200136318
1.0,1.75244116704923
