dose,Reff
0.0,2.0999999999999988
0.2,2.0281252188866166
0.4,1.9563139798651512
0.6,1.8845738425235976
0.8,1.812913595905851
1.0,1.741343514442986
