dose,Reff
0.0,2.0999999999999988
0.2,1.8059999999999992
0.4,1.5120000000000018
0.6,1.2179999999999995
0.8,0.923999999999999
1.0,0.630000000000001
