dose,Reff
0.0,2.0999999999999988
0.2,1.8118358747005487
0.4,1.5237305426871823
0.6,1.2357265111398235
0.8,0.947920135060335
1.0,0.6605857138312868
