dose,Reff
0.0,2.3000000000000003
0.2,1.984741582721024
0.4,1.6695229187339946
0.6,1.3543721878672974
0.8,1.0393523885440297
1.0,0.7246388875189224
