dose,Reff
0.0,2.3000000000000003
0.2,2.2191581499307773
0.4,2.1383831748160627
0.6,2.0576832420481352
0.8,1.9770678862161288
1.0,1.8965483029661114
