dose,Reff
0.0,2.3000000000000003
0.2,1.978000000000001
0.4,1.6559999999999986
0.6,1.3340000000000023
0.8,1.0120000000000011
1.0,0.6900000000000006
