dose,Reff
0.0,2.3000000000000003
0.2,2.2217628708411987
0.4,2.1435782078022183
0.6,2.0654522003882994
0.8,1.987392040154916
1.0,1.909406129366793
