dose,Reff
0.0,1.9000000000000037
0.2,1.8361613350586454
0.4,1.7723453270133425
0.6,1.7085545462114637
0.8,1.6447919644125975
1.0,1.5810610357419972
