dose,Reff
0.0,1.9000000000000037
0.2,1.6381522839229747
0.4,1.3763344038994332
0.6,1.1145678844044815
0.8,0.8529014696243167
1.0,0.5914738454208772
