dose,Reff
0.0,1.9000000000000037
0.2,1.8345554539640236
0.4,1.769143417489672
0.6,1.7037676845345773
0.8,1.6384326571976522
1.0,1.5731434712501218
