dose,Reff
0.0,1.9000000000000037
0.2,1.6340000000000006
0.4,1.368000000000002
0.6,1.1020000000000019
0.8,0.8360000000000007
1.0,0.5700000000000012
