dose,Reff
0.0,1.7464167170000047
0.2,1.5071165451440671
0.4,1.2678720620544777
0.6,1.0287235547665818
0.8,0.789762371078156
1.0,0.5512486019124674
