dose,Reff
0.0,1.7464167170000047
0.2,1.6849841740947158
0.4,1.6236066343116677
0.6,1.5622908591313747
0.8,1.501044749548146
1.0,1.4398775927087049
