dose,Reff
0.0,1.7464167170000047
0.2,1.686986356678919
0.4,1.6275959082829845
0.6,1.5682501290179456
0.8,1.508954555563876
1.0,1.4497156686710215
