dose,Reff
0.0,1.7464167170000047
0.2,1.5019183766200028
0.4,1.2574200362400014
0.6,1.0129216958600018
0.8,0.7684233554800017
1.0,0.5239250151
