dose,Reff
0.0,2.3000000000000016
0.2,2.2210123862111626
0.4,2.142065402987657
0.6,2.0631638771714265
0.8,1.9843134253242654
1.0,1.9055206206233017
