dose,Reff
0.0,2.3000000000000016
0.2,1.9826607050988247
0.4,1.665358123250924
0.6,1.3481189304147319
0.8,1.0310038581692165
1.0,0.714187271448656
