dose,Reff
0.0,2.3000000000000016
0.2,2.2192033544402383
0.4,2.1384511212616104
0.6,2.057748733305512
0.8,1.9771025394258812
1.0,1.8965200041429986
