dose,Reff
0.0,2.199999999999997
0.2,2.1205388744575817
0.4,2.0411305595984075
0.6,1.9617820797441599
0.8,1.8825017621817843
1.0,1.8032995537926546
