dose,Reff
0.0,2.199999999999997
0.2,1.8919999999999995
0.4,1.5839999999999994
0.6,1.2759999999999987
0.8,0.9680000000000001
1.0,0.6600000000000001
