dose,Reff
0.0,2.199999999999997
0.2,2.116235906187835
0.4,2.03256161803872
0.6,1.9489893334527715
0.8,1.8655335579834154
1.0,1.782211676445089
