dose,Reff
0.0,2.199999999999997
0.2,1.9032389775039866
0.4,1.606899337372281
0.6,1.31130739664318
0.8,1.0172352340379172
1.0,0.7270067288990034
