dose,Reff
0.0,2.500000000000002
0.2,2.40905852895368
0.4,2.3181701265657932
0.6,2.2273416617224653
0.8,2.136581236995246
1.0,2.0458984773480706
