dose,Reff
0.0,2.500000000000002
0.2,2.1600382710143835
0.4,1.8204970634025164
0.6,1.4817113748209307
0.8,1.14449267639674
1.0,0.811390877148813
