dose,Reff
0.0,2.500000000000002
0.2,2.4052101357771365
0.4,2.3104990154257754
0.6,2.215877004118442
0.8,2.1213563600409127
1.0,2.026951684864159
