dose,Reff
0.0,2.500000000000002
0.2,2.150000000000001
0.4,1.8000000000000032
0.6,1.4500000000000024
0.8,1.1000000000000025
1.0,0.7500000000000009
