dose,Reff
0.0,2.2999999999999985
0.2,2.1926666666666677
0.4,2.085333333333332
0.6,1.9779999999999989
0.8,1.870666666666667
1.0,1.763333333333333
