dose,Reff
0.0,2.2999999999999985
0.2,2.0065066280781148
0.4,1.7142143645326378
0.6,1.4239443686969049
0.8,1.137433262220892
1.0,0.8589038240443146
