dose,Reff
0.0,2.2999999999999985
0.2,2.2020671990898464
0.4,2.1042309725300035
0.6,2.0065066280781148
0.8,1.9089128297033788
1.0,1.811472550962445
