dose,Reff
0.0,2.2999999999999985
0.2,1.9779999999999993
0.4,1.6559999999999986
0.6,1.3339999999999994
0.8,1.0120000000000013
1.0,0.6900000000000006
