dose,Reff
0.0,2.399999999999996
0.2,2.063999999999996
0.4,1.7280000000000006
0.6,1.392
0.8,1.0559999999999983
1.0,0.7200000000000002
