dose,Reff
0.0,2.399999999999996
0.2,2.3220748350908376
0.4,2.244210064160195
0.6,2.166412652985672
0.8,2.0886906649655748
1.0,2.011053482358454
