dose,Reff
0.0,2.399999999999996
0.2,2.3241414292090643
0.4,2.248333345462548
0.6,2.172581379070383
0.8,2.0968920190700864
1.0,2.0212727810049627
