dose,Reff
0.0,2.399999999999996
0.2,2.0693201515425192
0.4,1.7386691413510404
0.6,1.4080675978542039
0.8,1.0775619539723098
1.0,0.7472830131134265
