dose,Reff
0.0,2.100000000000004
0.2,2.0202423816409603
0.4,1.9406411228734697
0.6,1.8612171247852145
0.8,1.7819951087278576
1.0,1.703004510361461
