dose,Reff
0.0,2.100000000000004
0.2,1.8243840147449701
0.4,1.5495523045425204
0.6,1.276085223408203
0.8,1.005292988400341
1.0,0.7407453823191841
