dose,Reff
0.0,2.100000000000004
0.2,1.8060000000000012
0.4,1.5120000000000013
0.6,1.218
0.8,0.9240000000000004
1.0,0.6300000000000001
