dose,Reff
0.0,2.100000000000004
0.2,2.0273017000763263
0.4,1.9546493012529675
0.6,1.882048707884986
0.8,1.8095068814742197
1.0,1.7370320880458383
