dose,Reff
0.0,2.7999999999999985
0.2,2.699480608903788
0.4,2.5990699371850257
0.6,2.498782166938616
0.8,2.3986340256233007
1.0,2.2986453747958087
