dose,Reff
0.0,2.7999999999999985
0.2,2.703072139391833
0.4,2.6062227674489904
0.6,2.509461814355886
0.8,2.4128009426393056
1.0,2.3162539377494906
