dose,Reff
0.0,2.7999999999999985
0.2,2.4079999999999977
0.4,2.015999999999998
0.6,1.6239999999999994
0.8,1.2319999999999982
1.0,0.8400000000000005
