dose,Reff
0.0,2.7999999999999985
0.2,2.417328170390821
0.4,2.034803331499547
0.6,1.6525334819602369
0.8,1.270766070304266
1.0,0.8902169069652696
