dose,Reff
0.0,2.1000000000000014
0.2,1.8236911140159964
0.4,1.5487053574024925
0.6,1.2761077213221668
0.8,1.0084112694476868
1.0,0.7526690305302932
