dose,Reff
0.0,2.1000000000000014
0.2,1.8059999999999996
0.4,1.511999999999999
0.6,1.2179999999999989
0.8,0.9239999999999999
1.0,0.6299999999999997
