dose,Reff
0.0,2.1000000000000014
0.2,2.0264154210222944
0.4,1.9528754470548373
0.6,1.8793854567593744
0.8,1.80595172247632
1.0,1.732581602126258
