dose,Reff
0.0,2.1000000000000014
0.2,2.019701393621007
0.4,1.9395851836516695
0.6,1.8596736335652164
0.8,1.7799926102644799
1.0,1.7005723018853032
