dose,Reff
0.0,1.8999999999999946
0.2,1.8320290239875339
0.4,1.764125259670233
0.6,1.6962973152465075
0.8,1.6285553128792876
1.0,1.5609112311704476
