dose,Reff
0.0,1.8999999999999946
0.2,1.6384721417569135
0.4,1.3769819653796935
0.6,1.1155567771957053
0.8,0.8542586084266077
1.0,0.593264835490459
