dose,Reff
0.0,1.8999999999999946
0.2,1.6339999999999957
0.4,1.3679999999999963
0.6,1.1019999999999954
0.8,0.8359999999999971
1.0,0.5699999999999985
