dose,Reff
0.0,1.8999999999999946
0.2,1.833754422645848
0.4,1.7675645040858012
0.6,1.701437215219689
0.8,1.6353807267937737
1.0,1.569404675332004
