dose,Reff
0.0,1.4100000000000006
0.2,1.2126000000000003
0.4,1.0152000000000008
0.6,0.817800000000001
0.8,0.6204000000000001
1.0,0.42300000000000004
