dose,Reff
0.0,1.4100000000000006
0.2,1.3611288188840647
0.4,1.312288007663566
0.6,1.2634811873043779
0.8,1.2147125717749043
1.0,1.1659870930972196
