dose,Reff
0.0,1.4100000000000006
0.2,1.2162073222870653
0.4,1.0224464517254674
0.6,0.8287403745676136
0.8,0.6351411958939279
1.0,0.4417973297159592
