dose,Reff
0.0,1.4100000000000006
0.2,1.3597399118231421
0.4,1.3095200833036147
0.6,1.2593454415513332
0.8,1.2092217401687944
1.0,1.1591557372753354
