dose,Reff
0.0,2.0
0.2,1.929137339767071
0.4,1.8583059030488538
0.6,1.7875095264164944
0.8,1.7167526991076054
1.0,1.6460407073557564
