dose,Reff
0.0,2.0
0.2,1.723175125968381
0.4,1.4463763772799503
0.6,1.1696228666906872
0.8,0.8929583348462008
1.0,0.616509525007372
