dose,Reff
0.0,2.0
0.2,1.720000000000001
0.4,1.4400000000000006
0.6,1.160000000000001
0.8,0.880000000000001
1.0,0.6
