dose,Reff
0.0,2.0
0.2,1.930362044756511
0.4,1.8607494481318747
0.6,1.7911652760837218
0.8,1.7216131082594135
1.0,1.652097150000063
